<?xml version="1.0"?>
<!DOCTYPE pathway SYSTEM "http://www.kegg.jp/kegg/xml/KGML_v0.7.2_.dtd">
<!-- Creation date: May 23, 2014 10:29:26 +0900 (GMT+09:00) -->
<pathway name="path:ko00908" org="ko" number="00908"
         title="Zeatin biosynthesis"
         image="http://www.kegg.jp/kegg/pathway/ko/ko00908.png"
         link="http://www.kegg.jp/kegg-bin/show_pathway?ko00908">
    <entry id="3" name="ko:K13495" type="ortholog" reaction="rn:R07260"
        link="http://www.kegg.jp/dbget-bin/www_bget?K13495">
        <graphics name="K13495" fgcolor="#000000" bgcolor="#BFBFFF"
             type="rectangle" x="600" y="638" width="46" height="17"/>
    </entry>
    <entry id="4" name="path:ko00908" type="map"
        link="http://www.kegg.jp/dbget-bin/www_bget?ko00908">
        <graphics name="TITLE:Zeatin biosynthesis" fgcolor="#000000" bgcolor="#FFFFFF"
             type="roundrectangle" x="131" y="58" width="181" height="25"/>
    </entry>
    <entry id="5" name="cpd:C00020" type="compound"
        link="http://www.kegg.jp/dbget-bin/www_bget?C00020">
        <graphics name="C00020" fgcolor="#000000" bgcolor="#FFFFFF"
             type="circle" x="123" y="441" width="8" height="8"/>
    </entry>
    <entry id="6" name="cpd:C00008" type="compound"
        link="http://www.kegg.jp/dbget-bin/www_bget?C00008">
        <graphics name="C00008" fgcolor="#000000" bgcolor="#FFFFFF"
             type="circle" x="123" y="343" width="8" height="8"/>
    </entry>
    <entry id="7" name="cpd:C00002" type="compound"
        link="http://www.kegg.jp/dbget-bin/www_bget?C00002">
        <graphics name="C00002" fgcolor="#000000" bgcolor="#FFFFFF"
             type="circle" x="124" y="243" width="8" height="8"/>
    </entry>
    <entry id="8" name="cpd:C15546" type="compound"
        link="http://www.kegg.jp/dbget-bin/www_bget?C15546">
        <graphics name="C15546" fgcolor="#000000" bgcolor="#FFFFFF"
             type="circle" x="541" y="637" width="8" height="8"/>
    </entry>
    <entry id="9" name="cpd:C15545" type="compound"
        link="http://www.kegg.jp/dbget-bin/www_bget?C15545">
        <graphics name="C15545" fgcolor="#000000" bgcolor="#FFFFFF"
             type="circle" x="647" y="574" width="8" height="8"/>
    </entry>
    <entry id="10" name="cpd:C16449" type="compound"
        link="http://www.kegg.jp/dbget-bin/www_bget?C16449">
        <graphics name="C16449" fgcolor="#000000" bgcolor="#FFFFFF"
             type="circle" x="647" y="495" width="8" height="8"/>
    </entry>
    <entry id="11" name="cpd:C16441" type="compound"
        link="http://www.kegg.jp/dbget-bin/www_bget?C16441">
        <graphics name="C16441" fgcolor="#000000" bgcolor="#FFFFFF"
             type="circle" x="647" y="417" width="8" height="8"/>
    </entry>
    <entry id="12" name="cpd:C16467" type="compound"
        link="http://www.kegg.jp/dbget-bin/www_bget?C16467">
        <graphics name="C16467" fgcolor="#000000" bgcolor="#FFFFFF"
             type="circle" x="647" y="318" width="8" height="8"/>
    </entry>
    <entry id="13" name="cpd:C00066" type="compound"
        link="http://www.kegg.jp/dbget-bin/www_bget?C00066">
        <graphics name="C00066" fgcolor="#000000" bgcolor="#FFFFFF"
             type="circle" x="555" y="243" width="8" height="8"/>
    </entry>
    <entry id="14" name="cpd:C04432" type="compound"
        link="http://www.kegg.jp/dbget-bin/www_bget?C04432">
        <graphics name="C04432" fgcolor="#000000" bgcolor="#FFFFFF"
             type="circle" x="647" y="219" width="8" height="8"/>
    </entry>
    <entry id="15" name="cpd:C00235" type="compound"
        link="http://www.kegg.jp/dbget-bin/www_bget?C00235">
        <graphics name="C00235" fgcolor="#000000" bgcolor="#FFFFFF"
             type="circle" x="541" y="219" width="8" height="8"/>
    </entry>
    <entry id="16" name="cpd:C16445" type="compound"
        link="http://www.kegg.jp/dbget-bin/www_bget?C16445">
        <graphics name="C16445" fgcolor="#000000" bgcolor="#FFFFFF"
             type="circle" x="507" y="417" width="8" height="8"/>
    </entry>
    <entry id="17" name="cpd:C16447" type="compound"
        link="http://www.kegg.jp/dbget-bin/www_bget?C16447">
        <graphics name="C16447" fgcolor="#000000" bgcolor="#FFFFFF"
             type="circle" x="507" y="495" width="8" height="8"/>
    </entry>
    <entry id="18" name="cpd:C02029" type="compound"
        link="http://www.kegg.jp/dbget-bin/www_bget?C02029">
        <graphics name="C02029" fgcolor="#000000" bgcolor="#FFFFFF"
             type="circle" x="507" y="575" width="8" height="8"/>
    </entry>
    <entry id="19" name="cpd:C16448" type="compound"
        link="http://www.kegg.jp/dbget-bin/www_bget?C16448">
        <graphics name="C16448" fgcolor="#000000" bgcolor="#FFFFFF"
             type="circle" x="401" y="637" width="8" height="8"/>
    </entry>
    <entry id="20" name="cpd:C00015" type="compound"
        link="http://www.kegg.jp/dbget-bin/www_bget?C00015">
        <graphics name="C00015" fgcolor="#000000" bgcolor="#FFFFFF"
             type="circle" x="559" y="662" width="8" height="8"/>
    </entry>
    <entry id="21" name="cpd:C00015" type="compound"
        link="http://www.kegg.jp/dbget-bin/www_bget?C00015">
        <graphics name="C00015" fgcolor="#000000" bgcolor="#FFFFFF"
             type="circle" x="419" y="662" width="8" height="8"/>
    </entry>
    <entry id="22" name="cpd:C00029" type="compound"
        link="http://www.kegg.jp/dbget-bin/www_bget?C00029">
        <graphics name="C00029" fgcolor="#000000" bgcolor="#FFFFFF"
             type="circle" x="638" y="662" width="8" height="8"/>
    </entry>
    <entry id="23" name="cpd:C00029" type="compound"
        link="http://www.kegg.jp/dbget-bin/www_bget?C00029">
        <graphics name="C00029" fgcolor="#000000" bgcolor="#FFFFFF"
             type="circle" x="498" y="662" width="8" height="8"/>
    </entry>
    <entry id="24" name="cpd:C00190" type="compound"
        link="http://www.kegg.jp/dbget-bin/www_bget?C00190">
        <graphics name="C00190" fgcolor="#000000" bgcolor="#FFFFFF"
             type="circle" x="354" y="868" width="8" height="8"/>
    </entry>
    <entry id="25" name="cpd:C00029" type="compound"
        link="http://www.kegg.jp/dbget-bin/www_bget?C00029">
        <graphics name="C00029" fgcolor="#000000" bgcolor="#FFFFFF"
             type="circle" x="353" y="801" width="8" height="8"/>
    </entry>
    <entry id="26" name="cpd:C00029" type="compound"
        link="http://www.kegg.jp/dbget-bin/www_bget?C00029">
        <graphics name="C00029" fgcolor="#000000" bgcolor="#FFFFFF"
             type="circle" x="354" y="727" width="8" height="8"/>
    </entry>
    <entry id="27" name="cpd:C03300" type="compound"
        link="http://www.kegg.jp/dbget-bin/www_bget?C03300">
        <graphics name="C03300" fgcolor="#000000" bgcolor="#FFFFFF"
             type="circle" x="257" y="843" width="8" height="8"/>
    </entry>
    <entry id="28" name="cpd:C16443" type="compound"
        link="http://www.kegg.jp/dbget-bin/www_bget?C16443">
        <graphics name="C16443" fgcolor="#000000" bgcolor="#FFFFFF"
             type="circle" x="256" y="776" width="8" height="8"/>
    </entry>
    <entry id="29" name="cpd:C00015" type="compound"
        link="http://www.kegg.jp/dbget-bin/www_bget?C00015">
        <graphics name="C00015" fgcolor="#000000" bgcolor="#FFFFFF"
             type="circle" x="275" y="868" width="8" height="8"/>
    </entry>
    <entry id="30" name="cpd:C00015" type="compound"
        link="http://www.kegg.jp/dbget-bin/www_bget?C00015">
        <graphics name="C00015" fgcolor="#000000" bgcolor="#FFFFFF"
             type="circle" x="274" y="801" width="8" height="8"/>
    </entry>
    <entry id="31" name="cpd:C00015" type="compound"
        link="http://www.kegg.jp/dbget-bin/www_bget?C00015">
        <graphics name="C00015" fgcolor="#000000" bgcolor="#FFFFFF"
             type="circle" x="275" y="727" width="8" height="8"/>
    </entry>
    <entry id="32" name="cpd:C03423" type="compound"
        link="http://www.kegg.jp/dbget-bin/www_bget?C03423">
        <graphics name="C03423" fgcolor="#000000" bgcolor="#FFFFFF"
             type="circle" x="257" y="702" width="8" height="8"/>
    </entry>
    <entry id="33" name="cpd:C00979" type="compound"
        link="http://www.kegg.jp/dbget-bin/www_bget?C00979">
        <graphics name="C00979" fgcolor="#000000" bgcolor="#FFFFFF"
             type="circle" x="353" y="662" width="8" height="8"/>
    </entry>
    <entry id="34" name="cpd:C00033" type="compound"
        link="http://www.kegg.jp/dbget-bin/www_bget?C00033">
        <graphics name="C00033" fgcolor="#000000" bgcolor="#FFFFFF"
             type="circle" x="274" y="662" width="8" height="8"/>
    </entry>
    <entry id="35" name="cpd:C01513" type="compound"
        link="http://www.kegg.jp/dbget-bin/www_bget?C01513">
        <graphics name="C01513" fgcolor="#000000" bgcolor="#FFFFFF"
             type="circle" x="256" y="637" width="8" height="8"/>
    </entry>
    <entry id="36" name="cpd:C00019" type="compound"
        link="http://www.kegg.jp/dbget-bin/www_bget?C00019">
        <graphics name="C00019" fgcolor="#000000" bgcolor="#FFFFFF"
             type="circle" x="206" y="662" width="8" height="8"/>
    </entry>
    <entry id="37" name="cpd:C00170" type="compound"
        link="http://www.kegg.jp/dbget-bin/www_bget?C00170">
        <graphics name="C00170" fgcolor="#000000" bgcolor="#FFFFFF"
             type="circle" x="126" y="662" width="8" height="8"/>
    </entry>
    <entry id="38" name="cpd:C01804" type="compound"
        link="http://www.kegg.jp/dbget-bin/www_bget?C01804">
        <graphics name="C01804" fgcolor="#000000" bgcolor="#FFFFFF"
             type="circle" x="109" y="637" width="8" height="8"/>
    </entry>
    <entry id="39" name="cpd:C07330" type="compound"
        link="http://www.kegg.jp/dbget-bin/www_bget?C07330">
        <graphics name="C07330" fgcolor="#000000" bgcolor="#FFFFFF"
             type="circle" x="126" y="601" width="8" height="8"/>
    </entry>
    <entry id="40" name="cpd:C00147" type="compound"
        link="http://www.kegg.jp/dbget-bin/www_bget?C00147">
        <graphics name="C00147" fgcolor="#000000" bgcolor="#FFFFFF"
             type="circle" x="111" y="575" width="8" height="8"/>
    </entry>
    <entry id="41" name="cpd:C04083" type="compound"
        link="http://www.kegg.jp/dbget-bin/www_bget?C04083">
        <graphics name="C04083" fgcolor="#000000" bgcolor="#FFFFFF"
             type="circle" x="215" y="575" width="8" height="8"/>
    </entry>
    <entry id="42" name="cpd:C16427" type="compound"
        link="http://www.kegg.jp/dbget-bin/www_bget?C16427">
        <graphics name="C16427" fgcolor="#000000" bgcolor="#FFFFFF"
             type="circle" x="215" y="495" width="8" height="8"/>
    </entry>
    <entry id="43" name="cpd:C00371" type="compound"
        link="http://www.kegg.jp/dbget-bin/www_bget?C00371">
        <graphics name="C00371" fgcolor="#000000" bgcolor="#FFFFFF"
             type="circle" x="363" y="575" width="8" height="8"/>
    </entry>
    <entry id="44" name="cpd:C16431" type="compound"
        link="http://www.kegg.jp/dbget-bin/www_bget?C16431">
        <graphics name="C16431" fgcolor="#000000" bgcolor="#FFFFFF"
             type="circle" x="363" y="495" width="8" height="8"/>
    </entry>
    <entry id="45" name="cpd:C16430" type="compound"
        link="http://www.kegg.jp/dbget-bin/www_bget?C16430">
        <graphics name="C16430" fgcolor="#000000" bgcolor="#FFFFFF"
             type="circle" x="363" y="417" width="8" height="8"/>
    </entry>
    <entry id="46" name="cpd:C16429" type="compound"
        link="http://www.kegg.jp/dbget-bin/www_bget?C16429">
        <graphics name="C16429" fgcolor="#000000" bgcolor="#FFFFFF"
             type="circle" x="363" y="318" width="8" height="8"/>
    </entry>
    <entry id="47" name="cpd:C16428" type="compound"
        link="http://www.kegg.jp/dbget-bin/www_bget?C16428">
        <graphics name="C16428" fgcolor="#000000" bgcolor="#FFFFFF"
             type="circle" x="363" y="219" width="8" height="8"/>
    </entry>
    <entry id="48" name="cpd:C04713" type="compound"
        link="http://www.kegg.jp/dbget-bin/www_bget?C04713">
        <graphics name="C04713" fgcolor="#000000" bgcolor="#FFFFFF"
             type="circle" x="215" y="417" width="8" height="8"/>
    </entry>
    <entry id="49" name="cpd:C16426" type="compound"
        link="http://www.kegg.jp/dbget-bin/www_bget?C16426">
        <graphics name="C16426" fgcolor="#000000" bgcolor="#FFFFFF"
             type="circle" x="215" y="318" width="8" height="8"/>
    </entry>
    <entry id="50" name="cpd:C16424" type="compound"
        link="http://www.kegg.jp/dbget-bin/www_bget?C16424">
        <graphics name="C16424" fgcolor="#000000" bgcolor="#FFFFFF"
             type="circle" x="215" y="219" width="8" height="8"/>
    </entry>
    <entry id="51" name="cpd:C00235" type="compound"
        link="http://www.kegg.jp/dbget-bin/www_bget?C00235">
        <graphics name="C00235" fgcolor="#000000" bgcolor="#FFFFFF"
             type="circle" x="108" y="417" width="8" height="8"/>
    </entry>
    <entry id="52" name="cpd:C00235" type="compound"
        link="http://www.kegg.jp/dbget-bin/www_bget?C00235">
        <graphics name="C00235" fgcolor="#000000" bgcolor="#FFFFFF"
             type="circle" x="109" y="318" width="8" height="8"/>
    </entry>
    <entry id="53" name="cpd:C00235" type="compound"
        link="http://www.kegg.jp/dbget-bin/www_bget?C00235">
        <graphics name="C00235" fgcolor="#000000" bgcolor="#FFFFFF"
             type="circle" x="108" y="219" width="8" height="8"/>
    </entry>
    <entry id="100" name="ko:K10717" type="ortholog" reaction="rn:R08055"
        link="http://www.kegg.jp/dbget-bin/www_bget?K10717">
        <graphics name="K10717" fgcolor="#000000" bgcolor="#BFBFFF"
             type="rectangle" x="295" y="418" width="46" height="17"/>
    </entry>
    <entry id="101" name="ko:K10717" type="ortholog" reaction="rn:R08054"
        link="http://www.kegg.jp/dbget-bin/www_bget?K10717">
        <graphics name="K10717" fgcolor="#000000" bgcolor="#BFBFFF"
             type="rectangle" x="295" y="319" width="46" height="17"/>
    </entry>
    <entry id="102" name="ko:K10760" type="ortholog" reaction="rn:R04038"
        link="http://www.kegg.jp/dbget-bin/www_bget?K10760">
        <graphics name="K10760" fgcolor="#000000" bgcolor="#BFBFFF"
             type="rectangle" x="166" y="418" width="46" height="17"/>
    </entry>
    <entry id="103" name="ko:K10760" type="ortholog" reaction="rn:R08052"
        link="http://www.kegg.jp/dbget-bin/www_bget?K10760">
        <graphics name="K10760" fgcolor="#000000" bgcolor="#BFBFFF"
             type="rectangle" x="166" y="319" width="46" height="17"/>
    </entry>
    <entry id="104" name="ko:K10760" type="ortholog" reaction="rn:R08051"
        link="http://www.kegg.jp/dbget-bin/www_bget?K10760">
        <graphics name="K10760" fgcolor="#000000" bgcolor="#BFBFFF"
             type="rectangle" x="166" y="220" width="46" height="17"/>
    </entry>
    <entry id="105" name="ko:K10717" type="ortholog" reaction="rn:R08053"
        link="http://www.kegg.jp/dbget-bin/www_bget?K10717">
        <graphics name="K10717" fgcolor="#000000" bgcolor="#BFBFFF"
             type="rectangle" x="295" y="220" width="46" height="17"/>
    </entry>
    <entry id="106" name="ko:K00791" type="ortholog" reaction="rn:R01122"
        link="http://www.kegg.jp/dbget-bin/www_bget?K00791">
        <graphics name="K00791" fgcolor="#000000" bgcolor="#BFBFFF"
             type="rectangle" x="600" y="220" width="46" height="17"/>
    </entry>
    <entry id="108" name="ko:K00279" type="ortholog" reaction="rn:R05708"
        link="http://www.kegg.jp/dbget-bin/www_bget?K00279">
        <graphics name="K00279" fgcolor="#000000" bgcolor="#BFBFFF"
             type="rectangle" x="166" y="576" width="46" height="17"/>
    </entry>
    <entry id="109" name="ko:K13494" type="ortholog" reaction="rn:R02119"
        link="http://www.kegg.jp/dbget-bin/www_bget?K13494">
        <graphics name="K13494" fgcolor="#000000" bgcolor="#BFBFFF"
             type="rectangle" x="316" y="844" width="46" height="17"/>
    </entry>
    <entry id="110" name="ko:K13492" type="ortholog" reaction="rn:R02118"
        link="http://www.kegg.jp/dbget-bin/www_bget?K13492">
        <graphics name="K13492" fgcolor="#000000" bgcolor="#BFBFFF"
             type="rectangle" x="316" y="703" width="46" height="17"/>
    </entry>
    <entry id="112" name="path:ko00900" type="map"
        link="http://www.kegg.jp/dbget-bin/www_bget?ko00900">
        <graphics name="Terpenoid backbone biosynthesis" fgcolor="#000000" bgcolor="#FFFFFF"
             type="roundrectangle" x="135" y="149" width="176" height="25"/>
    </entry>
    <entry id="113" name="ko:K13493" type="ortholog" reaction="rn:R08075"
        link="http://www.kegg.jp/dbget-bin/www_bget?K13493">
        <graphics name="K13493" fgcolor="#000000" bgcolor="#BFBFFF"
             type="rectangle" x="315" y="777" width="46" height="17"/>
    </entry>
    <relation entry1="100" entry2="102" type="ECrel">
        <subtype name="compound" value="48"/>
    </relation>
    <relation entry1="105" entry2="104" type="ECrel">
        <subtype name="compound" value="50"/>
    </relation>
    <relation entry1="101" entry2="103" type="ECrel">
        <subtype name="compound" value="49"/>
    </relation>
    <relation entry1="102" entry2="112" type="maplink">
        <subtype name="compound" value="51"/>
    </relation>
    <relation entry1="106" entry2="112" type="maplink">
        <subtype name="compound" value="15"/>
    </relation>
    <relation entry1="104" entry2="112" type="maplink">
        <subtype name="compound" value="53"/>
    </relation>
    <relation entry1="103" entry2="112" type="maplink">
        <subtype name="compound" value="52"/>
    </relation>
    <reaction id="102" name="rn:R04038" type="irreversible">
        <substrate id="51" name="cpd:C00235"/>
        <substrate id="5" name="cpd:C00020"/>
        <product id="48" name="cpd:C04713"/>
    </reaction>
    <reaction id="103" name="rn:R08052" type="irreversible">
        <substrate id="6" name="cpd:C00008"/>
        <substrate id="52" name="cpd:C00235"/>
        <product id="49" name="cpd:C16426"/>
    </reaction>
    <reaction id="109" name="rn:R02119" type="irreversible">
        <substrate id="43" name="cpd:C00371"/>
        <substrate id="24" name="cpd:C00190"/>
        <product id="29" name="cpd:C00015"/>
        <product id="27" name="cpd:C03300"/>
    </reaction>
    <reaction id="3" name="rn:R07260" type="irreversible">
        <substrate id="22" name="cpd:C00029"/>
        <substrate id="9" name="cpd:C15545"/>
        <product id="8" name="cpd:C15546"/>
        <product id="20" name="cpd:C00015"/>
    </reaction>
    <reaction id="110" name="rn:R02118" type="irreversible">
        <substrate id="43" name="cpd:C00371"/>
        <substrate id="26" name="cpd:C00029"/>
        <product id="31" name="cpd:C00015"/>
        <product id="32" name="cpd:C03423"/>
    </reaction>
    <reaction id="108" name="rn:R05708" type="irreversible">
        <substrate id="41" name="cpd:C04083"/>
        <product id="40" name="cpd:C00147"/>
        <product id="39" name="cpd:C07330"/>
    </reaction>
    <reaction id="106" name="rn:R01122" type="irreversible">
        <substrate id="15" name="cpd:C00235"/>
        <substrate id="13" name="cpd:C00066"/>
        <product id="14" name="cpd:C04432"/>
    </reaction>
    <reaction id="100" name="rn:R08055" type="irreversible">
        <substrate id="48" name="cpd:C04713"/>
        <product id="45" name="cpd:C16430"/>
    </reaction>
    <reaction id="101" name="rn:R08054" type="irreversible">
        <substrate id="49" name="cpd:C16426"/>
        <product id="46" name="cpd:C16429"/>
    </reaction>
    <reaction id="105" name="rn:R08053" type="irreversible">
        <substrate id="50" name="cpd:C16424"/>
        <product id="47" name="cpd:C16428"/>
    </reaction>
    <reaction id="104" name="rn:R08051" type="irreversible">
        <substrate id="53" name="cpd:C00235"/>
        <substrate id="7" name="cpd:C00002"/>
        <product id="50" name="cpd:C16424"/>
    </reaction>
    <reaction id="113" name="rn:R08075" type="irreversible">
        <substrate id="43" name="cpd:C00371"/>
        <substrate id="25" name="cpd:C00029"/>
        <product id="28" name="cpd:C16443"/>
        <product id="30" name="cpd:C00015"/>
    </reaction>
</pathway>
