<?xml version="1.0"?>
<!DOCTYPE pathway SYSTEM "http://www.kegg.jp/kegg/xml/KGML_v0.7.2_.dtd">
<!-- Creation date: Feb 16, 2017 15:10:53 +0900 (GMT+9) -->
<pathway name="path:ko00740" org="ko" number="00740"
         title="Riboflavin metabolism"
         image="http://www.kegg.jp/kegg/pathway/ko/ko00740.png"
         link="http://www.kegg.jp/kegg-bin/show_pathway?ko00740">
    <entry id="2" name="cpd:C15556" type="compound"
        link="http://www.kegg.jp/dbget-bin/www_bget?C15556">
        <graphics name="C15556" fgcolor="#000000" bgcolor="#FFFFFF"
             type="circle" x="503" y="132" width="8" height="8"/>
    </entry>
    <entry id="3" name="cpd:C00199" type="compound"
        link="http://www.kegg.jp/dbget-bin/www_bget?C00199">
        <graphics name="C00199" fgcolor="#000000" bgcolor="#FFFFFF"
             type="circle" x="376" y="132" width="8" height="8"/>
    </entry>
    <entry id="4" name="path:ko00030" type="map"
        link="http://www.kegg.jp/dbget-bin/www_bget?ko00030">
        <graphics name="Pentose phosphate pathway" fgcolor="#000000" bgcolor="#FFFFFF"
             type="roundrectangle" x="377" y="73" width="148" height="25"/>
    </entry>
    <entry id="5" name="path:ko00740" type="map"
        link="http://www.kegg.jp/dbget-bin/www_bget?ko00740">
        <graphics name="TITLE:Riboflavin metabolism" fgcolor="#000000" bgcolor="#FFFFFF"
             type="roundrectangle" x="138" y="58" width="196" height="25"/>
    </entry>
    <entry id="6" name="path:ko00040" type="map"
        link="http://www.kegg.jp/dbget-bin/www_bget?ko00040">
        <graphics name="Pentose and glucuronate interconversions" fgcolor="#000000" bgcolor="#FFFFFF"
             type="roundrectangle" x="837" y="95" width="142" height="34"/>
    </entry>
    <entry id="7" name="path:ko00230" type="map"
        link="http://www.kegg.jp/dbget-bin/www_bget?ko00230">
        <graphics name="Purine metabolism" fgcolor="#000000" bgcolor="#FFFFFF"
             type="roundrectangle" x="82" y="138" width="110" height="25"/>
    </entry>
    <entry id="8" name="cpd:C00044" type="compound"
        link="http://www.kegg.jp/dbget-bin/www_bget?C00044">
        <graphics name="C00044" fgcolor="#000000" bgcolor="#FFFFFF"
             type="circle" x="81" y="205" width="8" height="8"/>
    </entry>
    <entry id="9" name="cpd:C01304" type="compound"
        link="http://www.kegg.jp/dbget-bin/www_bget?C01304">
        <graphics name="C01304" fgcolor="#000000" bgcolor="#FFFFFF"
             type="circle" x="179" y="205" width="8" height="8"/>
    </entry>
    <entry id="10" name="cpd:C01268" type="compound"
        link="http://www.kegg.jp/dbget-bin/www_bget?C01268">
        <graphics name="C01268" fgcolor="#000000" bgcolor="#FFFFFF"
             type="circle" x="277" y="205" width="8" height="8"/>
    </entry>
    <entry id="11" name="cpd:C04454" type="compound"
        link="http://www.kegg.jp/dbget-bin/www_bget?C04454">
        <graphics name="C04454" fgcolor="#000000" bgcolor="#FFFFFF"
             type="circle" x="375" y="205" width="8" height="8"/>
    </entry>
    <entry id="12" name="cpd:C04332" type="compound"
        link="http://www.kegg.jp/dbget-bin/www_bget?C04332">
        <graphics name="C04332" fgcolor="#000000" bgcolor="#FFFFFF"
             type="circle" x="590" y="205" width="8" height="8"/>
    </entry>
    <entry id="13" name="cpd:C05995" type="compound"
        link="http://www.kegg.jp/dbget-bin/www_bget?C05995">
        <graphics name="C05995" fgcolor="#000000" bgcolor="#FFFFFF"
             type="circle" x="590" y="119" width="8" height="8"/>
    </entry>
    <entry id="14" name="cpd:C00255" type="compound"
        link="http://www.kegg.jp/dbget-bin/www_bget?C00255">
        <graphics name="C00255" fgcolor="#000000" bgcolor="#FFFFFF"
             type="circle" x="700" y="205" width="8" height="8"/>
    </entry>
    <entry id="15" name="cpd:C00474" type="compound"
        link="http://www.kegg.jp/dbget-bin/www_bget?C00474">
        <graphics name="C00474" fgcolor="#000000" bgcolor="#FFFFFF"
             type="circle" x="700" y="95" width="8" height="8"/>
    </entry>
    <entry id="16" name="cpd:C01727" type="compound"
        link="http://www.kegg.jp/dbget-bin/www_bget?C01727">
        <graphics name="C01727" fgcolor="#000000" bgcolor="#FFFFFF"
             type="circle" x="733" y="122" width="8" height="8"/>
    </entry>
    <entry id="17" name="cpd:C00016" type="compound"
        link="http://www.kegg.jp/dbget-bin/www_bget?C00016">
        <graphics name="C00016" fgcolor="#000000" bgcolor="#FFFFFF"
             type="circle" x="986" y="205" width="8" height="8"/>
    </entry>
    <entry id="32" name="ko:K02858 ko:K14652" type="ortholog" reaction="rn:R07281"
        link="http://www.kegg.jp/dbget-bin/www_bget?K02858+K14652">
        <graphics name="K02858..." fgcolor="#000000" bgcolor="#BFBFFF"
             type="rectangle" x="430" y="133" width="46" height="17"/>
    </entry>
    <entry id="35" name="ko:K00953 ko:K11753 ko:K14656" type="ortholog" reaction="rn:R00161"
        link="http://www.kegg.jp/dbget-bin/www_bget?K00953+K11753+K14656">
        <graphics name="K00953..." fgcolor="#000000" bgcolor="#BFBFFF"
             type="rectangle" x="918" y="206" width="46" height="17"/>
    </entry>
    <entry id="36" name="ko:K18453" type="ortholog" reaction="rn:R00160"
        link="http://www.kegg.jp/dbget-bin/www_bget?K18453">
        <graphics name="K18453" fgcolor="#000000" bgcolor="#BFBFFF"
             type="rectangle" x="918" y="172" width="46" height="17"/>
    </entry>
    <entry id="37" name="ko:K00861 ko:K20884 ko:K11753" type="ortholog" reaction="rn:R00549"
        link="http://www.kegg.jp/dbget-bin/www_bget?K00861+K20884+K11753">
        <graphics name="K00861..." fgcolor="#000000" bgcolor="#BFBFFF"
             type="rectangle" x="772" y="195" width="46" height="17"/>
    </entry>
    <entry id="38" name="ko:K01497 ko:K14652" type="ortholog" reaction="rn:R00425"
        link="http://www.kegg.jp/dbget-bin/www_bget?K01497+K14652">
        <graphics name="K01497..." fgcolor="#000000" bgcolor="#BFBFFF"
             type="rectangle" x="128" y="206" width="46" height="17"/>
    </entry>
    <entry id="39" name="ko:K01498 ko:K11752" type="ortholog" reaction="rn:R03459"
        link="http://www.kegg.jp/dbget-bin/www_bget?K01498+K11752">
        <graphics name="K01498..." fgcolor="#000000" bgcolor="#BFBFFF"
             type="rectangle" x="225" y="206" width="46" height="17"/>
    </entry>
    <entry id="40" name="ko:K00082 ko:K11752" type="ortholog" reaction="rn:R03458"
        link="http://www.kegg.jp/dbget-bin/www_bget?K00082+K11752">
        <graphics name="K00082..." fgcolor="#000000" bgcolor="#BFBFFF"
             type="rectangle" x="323" y="206" width="46" height="17"/>
    </entry>
    <entry id="41" name="ko:K00794" type="ortholog" reaction="rn:R04457"
        link="http://www.kegg.jp/dbget-bin/www_bget?K00794">
        <graphics name="K00794" fgcolor="#000000" bgcolor="#BFBFFF"
             type="rectangle" x="535" y="206" width="46" height="17"/>
    </entry>
    <entry id="42" name="ko:K00793" type="ortholog" reaction="rn:R00066"
        link="http://www.kegg.jp/dbget-bin/www_bget?K00793">
        <graphics name="K00793" fgcolor="#000000" bgcolor="#BFBFFF"
             type="rectangle" x="642" y="206" width="46" height="17"/>
    </entry>
    <entry id="43" name="ko:K20860 ko:K20861 ko:K20862 ko:K21063 ko:K21064" type="ortholog" reaction="rn:R07280"
        link="http://www.kegg.jp/dbget-bin/www_bget?K20860+K20861+K20862+K21063+K21064">
        <graphics name="K20860..." fgcolor="#000000" bgcolor="#BFBFFF"
             type="rectangle" x="430" y="206" width="46" height="17"/>
    </entry>
    <entry id="44" name="ko:K07732" type="ortholog" reaction="rn:R08574"
        link="http://www.kegg.jp/dbget-bin/www_bget?K07732">
        <graphics name="K07732" fgcolor="#000000" bgcolor="#BFBFFF"
             type="rectangle" x="796" y="216" width="46" height="17"/>
    </entry>
    <entry id="45" name="cpd:C00061" type="compound"
        link="http://www.kegg.jp/dbget-bin/www_bget?C00061">
        <graphics name="C00061" fgcolor="#000000" bgcolor="#FFFFFF"
             type="circle" x="846" y="205" width="8" height="8"/>
    </entry>
    <entry id="47" name="ko:K14654" type="ortholog" reaction="rn:R09375 rn:R09376"
        link="http://www.kegg.jp/dbget-bin/www_bget?K14654">
        <graphics name="K14654" fgcolor="#000000" bgcolor="#BFBFFF"
             type="rectangle" x="225" y="257" width="46" height="17"/>
    </entry>
    <entry id="48" name="cpd:C18910" type="compound"
        link="http://www.kegg.jp/dbget-bin/www_bget?C18910">
        <graphics name="C18910" fgcolor="#000000" bgcolor="#FFFFFF"
             type="circle" x="277" y="257" width="8" height="8"/>
    </entry>
    <entry id="51" name="cpd:C01847" type="compound"
        link="http://www.kegg.jp/dbget-bin/www_bget?C01847">
        <graphics name="C01847" fgcolor="#000000" bgcolor="#FFFFFF"
             type="circle" x="846" y="325" width="8" height="8"/>
    </entry>
    <entry id="52" name="ko:K00299 ko:K19285" type="ortholog" reaction="rn:R05706"
        link="http://www.kegg.jp/dbget-bin/www_bget?K00299+K19285">
        <graphics name="K00299..." fgcolor="#000000" bgcolor="#BFBFFF"
             type="rectangle" x="871" y="258" width="46" height="17"/>
    </entry>
    <entry id="54" name="cpd:C01352" type="compound"
        link="http://www.kegg.jp/dbget-bin/www_bget?C01352">
        <graphics name="C01352" fgcolor="#000000" bgcolor="#FFFFFF"
             type="circle" x="986" y="325" width="8" height="8"/>
    </entry>
    <entry id="55" name="path:ko00860" type="map"
        link="http://www.kegg.jp/dbget-bin/www_bget?ko00860">
        <graphics name="Porphyrin and chlorophyll metabolism" fgcolor="#000000" bgcolor="#FFFFFF"
             type="roundrectangle" x="957" y="417" width="146" height="34"/>
    </entry>
    <entry id="57" name="cpd:C03114" type="compound"
        link="http://www.kegg.jp/dbget-bin/www_bget?C03114">
        <graphics name="C03114" fgcolor="#000000" bgcolor="#FFFFFF"
             type="circle" x="846" y="416" width="8" height="8"/>
    </entry>
    <entry id="58" name="ko:K04719" type="ortholog" reaction="rn:R09083"
        link="http://www.kegg.jp/dbget-bin/www_bget?K04719">
        <graphics name="K04719" fgcolor="#000000" bgcolor="#BFBFFF"
             type="rectangle" x="846" y="368" width="46" height="17"/>
    </entry>
    <entry id="59" name="ko:K14655" type="ortholog" reaction="rn:R09377"
        link="http://www.kegg.jp/dbget-bin/www_bget?K14655">
        <graphics name="K14655" fgcolor="#000000" bgcolor="#BFBFFF"
             type="rectangle" x="323" y="257" width="46" height="17"/>
    </entry>
    <entry id="61" name="ko:K08096" type="ortholog" reaction="rn:R07306"
        link="http://www.kegg.jp/dbget-bin/www_bget?K08096">
        <graphics name="K08096" fgcolor="#000000" bgcolor="#BFBFFF"
             type="rectangle" x="128" y="326" width="46" height="17"/>
    </entry>
    <entry id="62" name="cpd:C15563" type="compound"
        link="http://www.kegg.jp/dbget-bin/www_bget?C15563">
        <graphics name="C15563" fgcolor="#000000" bgcolor="#FFFFFF"
             type="circle" x="179" y="325" width="8" height="8"/>
    </entry>
    <entry id="63" name="ko:K14653" type="ortholog" reaction="rn:R09374"
        link="http://www.kegg.jp/dbget-bin/www_bget?K14653">
        <graphics name="K14653" fgcolor="#000000" bgcolor="#BFBFFF"
             type="rectangle" x="179" y="287" width="46" height="17"/>
    </entry>
    <entry id="64" name="ko:K19286" type="ortholog" reaction="rn:R05705 rn:R05706"
        link="http://www.kegg.jp/dbget-bin/www_bget?K19286">
        <graphics name="K19286" fgcolor="#000000" bgcolor="#BFBFFF"
             type="rectangle" x="821" y="277" width="46" height="17"/>
    </entry>
    <entry id="65" name="ko:K15245" type="ortholog" reaction="rn:R09748"
        link="http://www.kegg.jp/dbget-bin/www_bget?K15245">
        <graphics name="K15245" fgcolor="#000000" bgcolor="#BFBFFF"
             type="rectangle" x="961" y="277" width="46" height="17"/>
    </entry>
    <entry id="67" name="cpd:C01007" type="compound"
        link="http://www.kegg.jp/dbget-bin/www_bget?C01007">
        <graphics name="C01007" fgcolor="#000000" bgcolor="#FFFFFF"
             type="circle" x="700" y="325" width="8" height="8"/>
    </entry>
    <entry id="68" name="ko:K05901" type="ortholog" reaction="rn:R05707"
        link="http://www.kegg.jp/dbget-bin/www_bget?K05901">
        <graphics name="K05901" fgcolor="#000000" bgcolor="#BFBFFF"
             type="rectangle" x="700" y="258" width="46" height="17"/>
    </entry>
    <entry id="69" name="ko:K05368" type="ortholog" reaction="rn:R05707 rn:R09750"
        link="http://www.kegg.jp/dbget-bin/www_bget?K05368">
        <graphics name="K05368" fgcolor="#000000" bgcolor="#BFBFFF"
             type="rectangle" x="725" y="277" width="46" height="17"/>
    </entry>
    <entry id="71" name="ko:K20146" type="ortholog" reaction="rn:R05705"
        link="http://www.kegg.jp/dbget-bin/www_bget?K20146">
        <graphics name="K20146" fgcolor="#000000" bgcolor="#BFBFFF"
             type="rectangle" x="871" y="277" width="46" height="17"/>
    </entry>
    <entry id="73" name="ko:K01513" type="ortholog" reaction="rn:R00160"
        link="http://www.kegg.jp/dbget-bin/www_bget?K01513">
        <graphics name="K01513" fgcolor="#000000" bgcolor="#BFBFFF"
             type="rectangle" x="918" y="151" width="46" height="17"/>
    </entry>
    <entry id="74" name="ko:K01078 ko:K01093 ko:K03788 ko:K09474 ko:K14379 ko:K14394 ko:K14410" type="ortholog" reaction="rn:R00548"
        link="http://www.kegg.jp/dbget-bin/www_bget?K01078+K01093+K03788+K09474+K14379+K14394+K14410">
        <graphics name="K01078..." fgcolor="#000000" bgcolor="#BFBFFF"
             type="rectangle" x="772" y="151" width="46" height="17"/>
    </entry>
    <entry id="75" name="ko:K20860 ko:K20861 ko:K20862 ko:K20884" type="ortholog" reaction="rn:R00548"
        link="http://www.kegg.jp/dbget-bin/www_bget?K20860+K20861+K20862+K20884">
        <graphics name="K20860..." fgcolor="#000000" bgcolor="#BFBFFF"
             type="rectangle" x="772" y="172" width="46" height="17"/>
    </entry>
    <entry id="76" name="cpd:C04732" type="compound"
        link="http://www.kegg.jp/dbget-bin/www_bget?C04732">
        <graphics name="C04732" fgcolor="#000000" bgcolor="#FFFFFF"
             type="circle" x="480" y="205" width="8" height="8"/>
    </entry>
    <entry id="77" name="ko:K16902" type="ortholog" reaction="rn:R09520 rn:R09748"
        link="http://www.kegg.jp/dbget-bin/www_bget?K16902">
        <graphics name="K16902" fgcolor="#000000" bgcolor="#BFBFFF"
             type="rectangle" x="1011" y="277" width="46" height="17"/>
    </entry>
    <entry id="78" name="ko:K00484" type="ortholog" reaction="rn:R09750"
        link="http://www.kegg.jp/dbget-bin/www_bget?K00484">
        <graphics name="K00484" fgcolor="#000000" bgcolor="#BFBFFF"
             type="rectangle" x="675" y="277" width="46" height="17"/>
    </entry>
    <entry id="79" name="ko:K00484" type="ortholog" reaction="rn:R05705"
        link="http://www.kegg.jp/dbget-bin/www_bget?K00484">
        <graphics name="K00484" fgcolor="#000000" bgcolor="#BFBFFF"
             type="rectangle" x="821" y="258" width="46" height="17"/>
    </entry>
    <entry id="80" name="ko:K00484" type="ortholog" reaction="rn:R09748"
        link="http://www.kegg.jp/dbget-bin/www_bget?K00484">
        <graphics name="K00484" fgcolor="#000000" bgcolor="#BFBFFF"
             type="rectangle" x="986" y="258" width="46" height="17"/>
    </entry>
    <relation entry1="39" entry2="38" type="ECrel">
        <subtype name="compound" value="9"/>
    </relation>
    <relation entry1="40" entry2="39" type="ECrel">
        <subtype name="compound" value="10"/>
    </relation>
    <relation entry1="43" entry2="40" type="ECrel">
        <subtype name="compound" value="11"/>
    </relation>
    <relation entry1="43" entry2="41" type="ECrel">
        <subtype name="compound" value="76"/>
    </relation>
    <relation entry1="43" entry2="42" type="ECrel">
        <subtype name="compound" value="76"/>
    </relation>
    <relation entry1="41" entry2="42" type="ECrel">
        <subtype name="compound" value="76"/>
    </relation>
    <relation entry1="32" entry2="41" type="ECrel">
        <subtype name="compound" value="2"/>
    </relation>
    <relation entry1="37" entry2="42" type="ECrel">
        <subtype name="compound" value="14"/>
    </relation>
    <relation entry1="37" entry2="35" type="ECrel">
        <subtype name="compound" value="45"/>
    </relation>
    <relation entry1="37" entry2="36" type="ECrel">
        <subtype name="compound" value="45"/>
    </relation>
    <relation entry1="38" entry2="7" type="maplink">
        <subtype name="compound" value="8"/>
    </relation>
    <relation entry1="32" entry2="4" type="maplink">
        <subtype name="compound" value="3"/>
    </relation>
    <relation entry1="42" entry2="44" type="ECrel">
        <subtype name="compound" value="14"/>
    </relation>
    <relation entry1="36" entry2="44" type="ECrel">
        <subtype name="compound" value="45"/>
    </relation>
    <relation entry1="35" entry2="44" type="ECrel">
        <subtype name="compound" value="45"/>
    </relation>
    <relation entry1="52" entry2="58" type="ECrel">
        <subtype name="compound" value="51"/>
    </relation>
    <relation entry1="58" entry2="55" type="maplink">
        <subtype name="compound" value="57"/>
    </relation>
    <relation entry1="37" entry2="52" type="ECrel">
        <subtype name="compound" value="45"/>
    </relation>
    <relation entry1="44" entry2="52" type="ECrel">
        <subtype name="compound" value="45"/>
    </relation>
    <relation entry1="52" entry2="35" type="ECrel">
        <subtype name="compound" value="45"/>
    </relation>
    <relation entry1="52" entry2="36" type="ECrel">
        <subtype name="compound" value="45"/>
    </relation>
    <relation entry1="63" entry2="61" type="ECrel">
        <subtype name="compound" value="62"/>
    </relation>
    <relation entry1="38" entry2="61" type="ECrel">
        <subtype name="compound" value="8"/>
    </relation>
    <relation entry1="38" entry2="47" type="ECrel">
        <subtype name="compound" value="9"/>
    </relation>
    <relation entry1="38" entry2="63" type="ECrel">
        <subtype name="compound" value="9"/>
    </relation>
    <relation entry1="39" entry2="47" type="ECrel">
        <subtype name="compound" value="9"/>
    </relation>
    <relation entry1="39" entry2="63" type="ECrel">
        <subtype name="compound" value="9"/>
    </relation>
    <relation entry1="47" entry2="63" type="ECrel">
        <subtype name="compound" value="9"/>
    </relation>
    <relation entry1="47" entry2="59" type="ECrel">
        <subtype name="compound" value="48"/>
    </relation>
    <relation entry1="40" entry2="59" type="ECrel">
        <subtype name="compound" value="11"/>
    </relation>
    <relation entry1="43" entry2="59" type="ECrel">
        <subtype name="compound" value="11"/>
    </relation>
    <relation entry1="58" entry2="64" type="ECrel">
        <subtype name="compound" value="51"/>
    </relation>
    <relation entry1="58" entry2="71" type="ECrel">
        <subtype name="compound" value="51"/>
    </relation>
    <relation entry1="65" entry2="36" type="ECrel">
        <subtype name="compound" value="17"/>
    </relation>
    <relation entry1="65" entry2="35" type="ECrel">
        <subtype name="compound" value="17"/>
    </relation>
    <relation entry1="68" entry2="37" type="ECrel">
        <subtype name="compound" value="14"/>
    </relation>
    <relation entry1="68" entry2="44" type="ECrel">
        <subtype name="compound" value="14"/>
    </relation>
    <relation entry1="68" entry2="42" type="ECrel">
        <subtype name="compound" value="14"/>
    </relation>
    <relation entry1="69" entry2="37" type="ECrel">
        <subtype name="compound" value="14"/>
    </relation>
    <relation entry1="69" entry2="44" type="ECrel">
        <subtype name="compound" value="14"/>
    </relation>
    <relation entry1="69" entry2="42" type="ECrel">
        <subtype name="compound" value="14"/>
    </relation>
    <relation entry1="64" entry2="35" type="ECrel">
        <subtype name="compound" value="45"/>
    </relation>
    <relation entry1="64" entry2="36" type="ECrel">
        <subtype name="compound" value="45"/>
    </relation>
    <relation entry1="64" entry2="44" type="ECrel">
        <subtype name="compound" value="45"/>
    </relation>
    <relation entry1="64" entry2="37" type="ECrel">
        <subtype name="compound" value="45"/>
    </relation>
    <relation entry1="71" entry2="35" type="ECrel">
        <subtype name="compound" value="45"/>
    </relation>
    <relation entry1="71" entry2="36" type="ECrel">
        <subtype name="compound" value="45"/>
    </relation>
    <relation entry1="71" entry2="44" type="ECrel">
        <subtype name="compound" value="45"/>
    </relation>
    <relation entry1="71" entry2="37" type="ECrel">
        <subtype name="compound" value="45"/>
    </relation>
    <relation entry1="74" entry2="42" type="ECrel">
        <subtype name="compound" value="14"/>
    </relation>
    <relation entry1="74" entry2="68" type="ECrel">
        <subtype name="compound" value="14"/>
    </relation>
    <relation entry1="74" entry2="69" type="ECrel">
        <subtype name="compound" value="14"/>
    </relation>
    <relation entry1="75" entry2="42" type="ECrel">
        <subtype name="compound" value="14"/>
    </relation>
    <relation entry1="75" entry2="68" type="ECrel">
        <subtype name="compound" value="14"/>
    </relation>
    <relation entry1="75" entry2="69" type="ECrel">
        <subtype name="compound" value="14"/>
    </relation>
    <relation entry1="74" entry2="52" type="ECrel">
        <subtype name="compound" value="45"/>
    </relation>
    <relation entry1="74" entry2="64" type="ECrel">
        <subtype name="compound" value="45"/>
    </relation>
    <relation entry1="74" entry2="71" type="ECrel">
        <subtype name="compound" value="45"/>
    </relation>
    <relation entry1="74" entry2="35" type="ECrel">
        <subtype name="compound" value="45"/>
    </relation>
    <relation entry1="74" entry2="36" type="ECrel">
        <subtype name="compound" value="45"/>
    </relation>
    <relation entry1="74" entry2="73" type="ECrel">
        <subtype name="compound" value="45"/>
    </relation>
    <relation entry1="37" entry2="73" type="ECrel">
        <subtype name="compound" value="45"/>
    </relation>
    <relation entry1="44" entry2="73" type="ECrel">
        <subtype name="compound" value="45"/>
    </relation>
    <relation entry1="75" entry2="52" type="ECrel">
        <subtype name="compound" value="45"/>
    </relation>
    <relation entry1="75" entry2="64" type="ECrel">
        <subtype name="compound" value="45"/>
    </relation>
    <relation entry1="75" entry2="71" type="ECrel">
        <subtype name="compound" value="45"/>
    </relation>
    <relation entry1="75" entry2="35" type="ECrel">
        <subtype name="compound" value="45"/>
    </relation>
    <relation entry1="75" entry2="73" type="ECrel">
        <subtype name="compound" value="45"/>
    </relation>
    <relation entry1="75" entry2="36" type="ECrel">
        <subtype name="compound" value="45"/>
    </relation>
    <relation entry1="73" entry2="52" type="ECrel">
        <subtype name="compound" value="45"/>
    </relation>
    <relation entry1="73" entry2="64" type="ECrel">
        <subtype name="compound" value="45"/>
    </relation>
    <relation entry1="73" entry2="71" type="ECrel">
        <subtype name="compound" value="45"/>
    </relation>
    <relation entry1="73" entry2="65" type="ECrel">
        <subtype name="compound" value="17"/>
    </relation>
    <relation entry1="73" entry2="77" type="ECrel">
        <subtype name="compound" value="17"/>
    </relation>
    <relation entry1="36" entry2="77" type="ECrel">
        <subtype name="compound" value="17"/>
    </relation>
    <relation entry1="35" entry2="77" type="ECrel">
        <subtype name="compound" value="17"/>
    </relation>
    <relation entry1="61" entry2="7" type="maplink">
        <subtype name="compound" value="8"/>
    </relation>
    <relation entry1="41" entry2="42" type="ECrel">
        <subtype name="compound" value="12"/>
    </relation>
    <relation entry1="78" entry2="42" type="ECrel">
        <subtype name="compound" value="14"/>
    </relation>
    <relation entry1="78" entry2="37" type="ECrel">
        <subtype name="compound" value="14"/>
    </relation>
    <relation entry1="78" entry2="44" type="ECrel">
        <subtype name="compound" value="14"/>
    </relation>
    <relation entry1="78" entry2="74" type="ECrel">
        <subtype name="compound" value="14"/>
    </relation>
    <relation entry1="78" entry2="75" type="ECrel">
        <subtype name="compound" value="14"/>
    </relation>
    <relation entry1="79" entry2="37" type="ECrel">
        <subtype name="compound" value="45"/>
    </relation>
    <relation entry1="79" entry2="44" type="ECrel">
        <subtype name="compound" value="45"/>
    </relation>
    <relation entry1="79" entry2="74" type="ECrel">
        <subtype name="compound" value="45"/>
    </relation>
    <relation entry1="79" entry2="75" type="ECrel">
        <subtype name="compound" value="45"/>
    </relation>
    <relation entry1="79" entry2="35" type="ECrel">
        <subtype name="compound" value="45"/>
    </relation>
    <relation entry1="79" entry2="73" type="ECrel">
        <subtype name="compound" value="45"/>
    </relation>
    <relation entry1="79" entry2="36" type="ECrel">
        <subtype name="compound" value="45"/>
    </relation>
    <relation entry1="79" entry2="58" type="ECrel">
        <subtype name="compound" value="51"/>
    </relation>
    <relation entry1="80" entry2="35" type="ECrel">
        <subtype name="compound" value="17"/>
    </relation>
    <relation entry1="80" entry2="73" type="ECrel">
        <subtype name="compound" value="17"/>
    </relation>
    <relation entry1="80" entry2="36" type="ECrel">
        <subtype name="compound" value="17"/>
    </relation>
    <reaction id="32" name="rn:R07281" type="irreversible">
        <substrate id="3" name="cpd:C00199"/>
        <product id="2" name="cpd:C15556"/>
    </reaction>
    <reaction id="43" name="rn:R07280" type="irreversible">
        <substrate id="11" name="cpd:C04454"/>
        <product id="76" name="cpd:C04732"/>
    </reaction>
    <reaction id="37" name="rn:R00549" type="irreversible">
        <substrate id="14" name="cpd:C00255"/>
        <product id="45" name="cpd:C00061"/>
    </reaction>
    <reaction id="41" name="rn:R04457" type="irreversible">
        <substrate id="76" name="cpd:C04732"/>
        <substrate id="2" name="cpd:C15556"/>
        <product id="12" name="cpd:C04332"/>
    </reaction>
    <reaction id="42" name="rn:R00066" type="irreversible">
        <substrate id="12" name="cpd:C04332"/>
        <product id="14" name="cpd:C00255"/>
        <product id="76" name="cpd:C04732"/>
    </reaction>
    <reaction id="40" name="rn:R03458" type="irreversible">
        <substrate id="10" name="cpd:C01268"/>
        <product id="11" name="cpd:C04454"/>
    </reaction>
    <reaction id="39" name="rn:R03459" type="irreversible">
        <substrate id="9" name="cpd:C01304"/>
        <product id="10" name="cpd:C01268"/>
    </reaction>
    <reaction id="38" name="rn:R00425" type="irreversible">
        <substrate id="8" name="cpd:C00044"/>
        <product id="9" name="cpd:C01304"/>
    </reaction>
    <reaction id="35" name="rn:R00161" type="irreversible">
        <substrate id="45" name="cpd:C00061"/>
        <product id="17" name="cpd:C00016"/>
    </reaction>
    <reaction id="36" name="rn:R00160" type="irreversible">
        <substrate id="17" name="cpd:C00016"/>
        <product id="45" name="cpd:C00061"/>
    </reaction>
    <reaction id="44" name="rn:R08574" type="irreversible">
        <substrate id="14" name="cpd:C00255"/>
        <product id="45" name="cpd:C00061"/>
    </reaction>
    <reaction id="47" name="rn:R09375 rn:R09376" type="irreversible">
        <substrate id="9" name="cpd:C01304"/>
        <product id="48" name="cpd:C18910"/>
    </reaction>
    <reaction id="52" name="rn:R05706" type="irreversible">
        <substrate id="45" name="cpd:C00061"/>
        <product id="51" name="cpd:C01847"/>
    </reaction>
    <reaction id="68" name="rn:R05707" type="irreversible">
        <substrate id="14" name="cpd:C00255"/>
        <product id="67" name="cpd:C01007"/>
    </reaction>
    <reaction id="58" name="rn:R09083" type="irreversible">
        <substrate id="51" name="cpd:C01847"/>
        <product id="57" name="cpd:C03114"/>
    </reaction>
    <reaction id="59" name="rn:R09377" type="irreversible">
        <substrate id="48" name="cpd:C18910"/>
        <product id="11" name="cpd:C04454"/>
    </reaction>
    <reaction id="61" name="rn:R07306" type="irreversible">
        <substrate id="8" name="cpd:C00044"/>
        <product id="62" name="cpd:C15563"/>
    </reaction>
    <reaction id="63" name="rn:R09374" type="irreversible">
        <substrate id="62" name="cpd:C15563"/>
        <product id="9" name="cpd:C01304"/>
    </reaction>
    <reaction id="69" name="rn:R05707 rn:R09750" type="irreversible">
        <substrate id="14" name="cpd:C00255"/>
        <product id="67" name="cpd:C01007"/>
    </reaction>
    <reaction id="64" name="rn:R05705 rn:R05706" type="irreversible">
        <substrate id="45" name="cpd:C00061"/>
        <product id="51" name="cpd:C01847"/>
    </reaction>
    <reaction id="65" name="rn:R09748" type="irreversible">
        <substrate id="17" name="cpd:C00016"/>
        <product id="54" name="cpd:C01352"/>
    </reaction>
    <reaction id="71" name="rn:R05705" type="irreversible">
        <substrate id="45" name="cpd:C00061"/>
        <product id="51" name="cpd:C01847"/>
    </reaction>
    <reaction id="73" name="rn:R00160" type="irreversible">
        <substrate id="17" name="cpd:C00016"/>
        <product id="45" name="cpd:C00061"/>
    </reaction>
    <reaction id="74" name="rn:R00548" type="irreversible">
        <substrate id="45" name="cpd:C00061"/>
        <product id="14" name="cpd:C00255"/>
    </reaction>
    <reaction id="75" name="rn:R00548" type="irreversible">
        <substrate id="45" name="cpd:C00061"/>
        <product id="14" name="cpd:C00255"/>
    </reaction>
    <reaction id="77" name="rn:R09520 rn:R09748" type="irreversible">
        <substrate id="17" name="cpd:C00016"/>
        <product id="54" name="cpd:C01352"/>
    </reaction>
    <reaction id="78" name="rn:R09750" type="irreversible">
        <substrate id="14" name="cpd:C00255"/>
        <product id="67" name="cpd:C01007"/>
    </reaction>
    <reaction id="79" name="rn:R05705" type="irreversible">
        <substrate id="45" name="cpd:C00061"/>
        <product id="51" name="cpd:C01847"/>
    </reaction>
    <reaction id="80" name="rn:R09748" type="irreversible">
        <substrate id="17" name="cpd:C00016"/>
        <product id="54" name="cpd:C01352"/>
    </reaction>
</pathway>
