<?xml version="1.0"?>
<!DOCTYPE pathway SYSTEM "http://www.kegg.jp/kegg/xml/KGML_v0.7.2_.dtd">
<!-- Creation date: Oct 23, 2015 09:41:24 +0900 (GMT+9) -->
<pathway name="path:ko04071" org="ko" number="04071"
         title="Sphingolipid signaling pathway"
         image="http://www.kegg.jp/kegg/pathway/ko/ko04071.png"
         link="http://www.kegg.jp/kegg-bin/show_pathway?ko04071">
    <entry id="1" name="ko:K04371" type="ortholog"
        link="http://www.kegg.jp/dbget-bin/www_bget?K04371">
        <graphics name="K04371" fgcolor="#000000" bgcolor="#BFBFFF"
             type="rectangle" x="719" y="626" width="46" height="17"/>
    </entry>
    <entry id="2" name="ko:K04368 ko:K04369" type="ortholog"
        link="http://www.kegg.jp/dbget-bin/www_bget?K04368+K04369">
        <graphics name="K04368..." fgcolor="#000000" bgcolor="#BFBFFF"
             type="rectangle" x="608" y="626" width="46" height="17"/>
    </entry>
    <entry id="3" name="ko:K04366" type="ortholog"
        link="http://www.kegg.jp/dbget-bin/www_bget?K04366">
        <graphics name="K04366" fgcolor="#000000" bgcolor="#BFBFFF"
             type="rectangle" x="491" y="626" width="46" height="17"/>
    </entry>
    <entry id="4" name="ko:K04456" type="ortholog"
        link="http://www.kegg.jp/dbget-bin/www_bget?K04456">
        <graphics name="K04456" fgcolor="#000000" bgcolor="#BFBFFF"
             type="rectangle" x="597" y="681" width="46" height="17"/>
    </entry>
    <entry id="5" name="ko:K00922 ko:K02649" type="ortholog"
        link="http://www.kegg.jp/dbget-bin/www_bget?K00922+K02649">
        <graphics name="K00922..." fgcolor="#000000" bgcolor="#BFBFFF"
             type="rectangle" x="379" y="681" width="46" height="17"/>
    </entry>
    <entry id="6" name="ko:K06276" type="ortholog"
        link="http://www.kegg.jp/dbget-bin/www_bget?K06276">
        <graphics name="K06276" fgcolor="#000000" bgcolor="#BFBFFF"
             type="rectangle" x="518" y="681" width="46" height="17"/>
    </entry>
    <entry id="7" name="cpd:C05981" type="compound"
        link="http://www.kegg.jp/dbget-bin/www_bget?C05981">
        <graphics name="C05981" fgcolor="#000000" bgcolor="#FFFFFF"
             type="circle" x="462" y="682" width="8" height="8"/>
    </entry>
    <entry id="8" name="path:ko04071" type="map"
        link="http://www.kegg.jp/dbget-bin/www_bget?ko04071">
        <graphics name="TITLE:Sphingolipid signaling pathway" fgcolor="#000000" bgcolor="#FFFFFF"
             type="roundrectangle" x="185" y="58" width="289" height="25"/>
    </entry>
    <entry id="9" name="path:ko04010" type="map"
        link="http://www.kegg.jp/dbget-bin/www_bget?ko04010">
        <graphics name="MAPK signaling pathway" fgcolor="#000000" bgcolor="#FFFFFF"
             type="roundrectangle" x="686" y="589" width="112" height="34"/>
    </entry>
    <entry id="10" name="path:ko04151" type="map"
        link="http://www.kegg.jp/dbget-bin/www_bget?ko04151">
        <graphics name="PI3K-Akt signaling pathway" fgcolor="#000000" bgcolor="#FFFFFF"
             type="roundrectangle" x="575" y="715" width="112" height="34"/>
    </entry>
    <entry id="11" name="ko:K02677 ko:K19662 ko:K19663" type="ortholog"
        link="http://www.kegg.jp/dbget-bin/www_bget?K02677+K19662+K19663">
        <graphics name="K02677..." fgcolor="#000000" bgcolor="#BFBFFF"
             type="rectangle" x="550" y="827" width="46" height="17"/>
    </entry>
    <entry id="12" name="ko:K04288" type="ortholog"
        link="http://www.kegg.jp/dbget-bin/www_bget?K04288">
        <graphics name="K04288" fgcolor="#000000" bgcolor="#BFBFFF"
             type="rectangle" x="160" y="623" width="46" height="17"/>
    </entry>
    <entry id="13" name="ko:K04292" type="ortholog"
        link="http://www.kegg.jp/dbget-bin/www_bget?K04292">
        <graphics name="K04292" fgcolor="#000000" bgcolor="#BFBFFF"
             type="rectangle" x="160" y="679" width="46" height="17"/>
    </entry>
    <entry id="14" name="ko:K04290" type="ortholog"
        link="http://www.kegg.jp/dbget-bin/www_bget?K04290">
        <graphics name="K04290" fgcolor="#000000" bgcolor="#BFBFFF"
             type="rectangle" x="160" y="779" width="46" height="17"/>
    </entry>
    <entry id="15" name="ko:K04293" type="ortholog"
        link="http://www.kegg.jp/dbget-bin/www_bget?K04293">
        <graphics name="K04293" fgcolor="#000000" bgcolor="#BFBFFF"
             type="rectangle" x="161" y="833" width="46" height="17"/>
    </entry>
    <entry id="16" name="ko:K04295" type="ortholog"
        link="http://www.kegg.jp/dbget-bin/www_bget?K04295">
        <graphics name="K04295" fgcolor="#000000" bgcolor="#BFBFFF"
             type="rectangle" x="160" y="885" width="46" height="17"/>
    </entry>
    <entry id="17" name="ko:K04630" type="ortholog"
        link="http://www.kegg.jp/dbget-bin/www_bget?K04630">
        <graphics name="K04630" fgcolor="#000000" bgcolor="#BFBFFF"
             type="rectangle" x="284" y="669" width="46" height="17"/>
    </entry>
    <entry id="18" name="ko:K04634" type="ortholog"
        link="http://www.kegg.jp/dbget-bin/www_bget?K04634">
        <graphics name="K04634" fgcolor="#000000" bgcolor="#BFBFFF"
             type="rectangle" x="284" y="779" width="46" height="17"/>
    </entry>
    <entry id="19" name="ko:K04346 ko:K04639" type="ortholog"
        link="http://www.kegg.jp/dbget-bin/www_bget?K04346+K04639">
        <graphics name="K04346..." fgcolor="#000000" bgcolor="#BFBFFF"
             type="rectangle" x="285" y="885" width="46" height="17"/>
    </entry>
    <entry id="20" name="ko:K02833 ko:K07827 ko:K07828" type="ortholog"
        link="http://www.kegg.jp/dbget-bin/www_bget?K02833+K07827+K07828">
        <graphics name="K02833..." fgcolor="#000000" bgcolor="#BFBFFF"
             type="rectangle" x="378" y="626" width="46" height="17"/>
    </entry>
    <entry id="21" name="ko:K05858" type="ortholog"
        link="http://www.kegg.jp/dbget-bin/www_bget?K05858">
        <graphics name="K05858" fgcolor="#000000" bgcolor="#BFBFFF"
             type="rectangle" x="378" y="779" width="46" height="17"/>
    </entry>
    <entry id="22" name="ko:K04513" type="ortholog"
        link="http://www.kegg.jp/dbget-bin/www_bget?K04513">
        <graphics name="K04513" fgcolor="#000000" bgcolor="#BFBFFF"
             type="rectangle" x="371" y="885" width="46" height="17"/>
    </entry>
    <entry id="23" name="ko:K04514 ko:K17388" type="ortholog"
        link="http://www.kegg.jp/dbget-bin/www_bget?K04514+K17388">
        <graphics name="K04514..." fgcolor="#000000" bgcolor="#BFBFFF"
             type="rectangle" x="460" y="885" width="46" height="17"/>
    </entry>
    <entry id="24" name="ko:K01110" type="ortholog"
        link="http://www.kegg.jp/dbget-bin/www_bget?K01110">
        <graphics name="K01110" fgcolor="#000000" bgcolor="#BFBFFF"
             type="rectangle" x="550" y="866" width="46" height="17"/>
    </entry>
    <entry id="25" name="cpd:C00195" type="compound"
        link="http://www.kegg.jp/dbget-bin/www_bget?C00195">
        <graphics name="C00195" fgcolor="#000000" bgcolor="#FFFFFF"
             type="circle" x="556" y="157" width="8" height="8"/>
    </entry>
    <entry id="26" name="cpd:C12126" type="compound"
        link="http://www.kegg.jp/dbget-bin/www_bget?C12126">
        <graphics name="C12126" fgcolor="#000000" bgcolor="#FFFFFF"
             type="circle" x="650" y="157" width="8" height="8"/>
    </entry>
    <entry id="27" name="cpd:C00836" type="compound"
        link="http://www.kegg.jp/dbget-bin/www_bget?C00836">
        <graphics name="C00836" fgcolor="#000000" bgcolor="#FFFFFF"
             type="circle" x="742" y="157" width="8" height="8"/>
    </entry>
    <entry id="28" name="cpd:C00065" type="compound"
        link="http://www.kegg.jp/dbget-bin/www_bget?C00065">
        <graphics name="C00065" fgcolor="#000000" bgcolor="#FFFFFF"
             type="circle" x="886" y="176" width="8" height="8"/>
    </entry>
    <entry id="29" name="cpd:C00550" type="compound"
        link="http://www.kegg.jp/dbget-bin/www_bget?C00550">
        <graphics name="C00550" fgcolor="#000000" bgcolor="#FFFFFF"
             type="circle" x="433" y="157" width="8" height="8"/>
    </entry>
    <entry id="30" name="cpd:C00195" type="compound"
        link="http://www.kegg.jp/dbget-bin/www_bget?C00195">
        <graphics name="C00195" fgcolor="#000000" bgcolor="#FFFFFF"
             type="circle" x="434" y="348" width="8" height="8"/>
    </entry>
    <entry id="31" name="cpd:C00319" type="compound"
        link="http://www.kegg.jp/dbget-bin/www_bget?C00319">
        <graphics name="C00319" fgcolor="#000000" bgcolor="#FFFFFF"
             type="circle" x="434" y="454" width="8" height="8"/>
    </entry>
    <entry id="32" name="cpd:C06124" type="compound"
        link="http://www.kegg.jp/dbget-bin/www_bget?C06124">
        <graphics name="C06124" fgcolor="#000000" bgcolor="#FFFFFF"
             type="circle" x="433" y="575" width="8" height="8"/>
    </entry>
    <entry id="33" name="cpd:C06124" type="compound"
        link="http://www.kegg.jp/dbget-bin/www_bget?C06124">
        <graphics name="C06124" fgcolor="#000000" bgcolor="#FFFFFF"
             type="circle" x="69" y="760" width="8" height="8"/>
    </entry>
    <entry id="34" name="path:ko00600" type="map"
        link="http://www.kegg.jp/dbget-bin/www_bget?ko00600">
        <graphics name="Sphingolipid metabolism" fgcolor="#000000" bgcolor="#FFFFFF"
             type="roundrectangle" x="798" y="212" width="112" height="34"/>
    </entry>
    <entry id="35" name="ko:K03156" type="ortholog"
        link="http://www.kegg.jp/dbget-bin/www_bget?K03156">
        <graphics name="K03156" fgcolor="#000000" bgcolor="#BFBFFF"
             type="rectangle" x="77" y="215" width="46" height="17"/>
    </entry>
    <entry id="36" name="ko:K00654" type="ortholog"
        link="http://www.kegg.jp/dbget-bin/www_bget?K00654">
        <graphics name="K00654" fgcolor="#000000" bgcolor="#BFBFFF"
             type="rectangle" x="809" y="177" width="46" height="17"/>
    </entry>
    <entry id="37" name="ko:K04710" type="ortholog"
        link="http://www.kegg.jp/dbget-bin/www_bget?K04710">
        <graphics name="K04710" fgcolor="#000000" bgcolor="#BFBFFF"
             type="rectangle" x="700" y="177" width="46" height="17"/>
    </entry>
    <entry id="38" name="ko:K04712" type="ortholog"
        link="http://www.kegg.jp/dbget-bin/www_bget?K04712">
        <graphics name="K04712" fgcolor="#000000" bgcolor="#BFBFFF"
             type="rectangle" x="603" y="177" width="46" height="17"/>
    </entry>
    <entry id="39" name="ko:K18953" type="ortholog"
        link="http://www.kegg.jp/dbget-bin/www_bget?K18953">
        <graphics name="K18953" fgcolor="#000000" bgcolor="#BFBFFF"
             type="rectangle" x="244" y="215" width="46" height="17"/>
    </entry>
    <entry id="40" name="ko:K12351" type="ortholog"
        link="http://www.kegg.jp/dbget-bin/www_bget?K12351">
        <graphics name="K12351" fgcolor="#000000" bgcolor="#BFBFFF"
             type="rectangle" x="401" y="215" width="46" height="17"/>
    </entry>
    <entry id="41" name="ko:K12348 ko:K12349 ko:K01441" type="ortholog"
        link="http://www.kegg.jp/dbget-bin/www_bget?K12348+K12349+K01441">
        <graphics name="K12348..." fgcolor="#000000" bgcolor="#BFBFFF"
             type="rectangle" x="401" y="417" width="46" height="17"/>
    </entry>
    <entry id="42" name="ko:K04718" type="ortholog"
        link="http://www.kegg.jp/dbget-bin/www_bget?K04718">
        <graphics name="K04718" fgcolor="#000000" bgcolor="#BFBFFF"
             type="rectangle" x="402" y="507" width="46" height="17"/>
    </entry>
    <entry id="43" name="ko:K05665" type="ortholog"
        link="http://www.kegg.jp/dbget-bin/www_bget?K05665">
        <graphics name="K05665" fgcolor="#000000" bgcolor="#BFBFFF"
             type="rectangle" x="160" y="575" width="46" height="17"/>
    </entry>
    <entry id="44" name="ko:K01379" type="ortholog"
        link="http://www.kegg.jp/dbget-bin/www_bget?K01379">
        <graphics name="K01379" fgcolor="#000000" bgcolor="#BFBFFF"
             type="rectangle" x="559" y="350" width="46" height="17"/>
    </entry>
    <entry id="45" name="ko:K04426" type="ortholog"
        link="http://www.kegg.jp/dbget-bin/www_bget?K04426">
        <graphics name="K04426" fgcolor="#000000" bgcolor="#BFBFFF"
             type="rectangle" x="559" y="400" width="46" height="17"/>
    </entry>
    <entry id="46" name="ko:K18952" type="ortholog"
        link="http://www.kegg.jp/dbget-bin/www_bget?K18952">
        <graphics name="K18952" fgcolor="#000000" bgcolor="#BFBFFF"
             type="rectangle" x="606" y="460" width="46" height="17"/>
    </entry>
    <entry id="47" name="ko:K04382 ko:K03456 ko:K04354 ko:K11583 ko:K11584" type="ortholog"
        link="http://www.kegg.jp/dbget-bin/www_bget?K04382+K03456+K04354+K11583+K11584">
        <graphics name="K04382..." fgcolor="#000000" bgcolor="#BFBFFF"
             type="rectangle" x="627" y="523" width="46" height="17"/>
    </entry>
    <entry id="48" name="ko:K12350" type="ortholog"
        link="http://www.kegg.jp/dbget-bin/www_bget?K12350">
        <graphics name="K12350" fgcolor="#000000" bgcolor="#BFBFFF"
             type="rectangle" x="588" y="252" width="46" height="17"/>
    </entry>
    <entry id="49" name="cpd:C00550" type="compound"
        link="http://www.kegg.jp/dbget-bin/www_bget?C00550">
        <graphics name="C00550" fgcolor="#000000" bgcolor="#FFFFFF"
             type="circle" x="618" y="225" width="8" height="8"/>
    </entry>
    <entry id="50" name="cpd:C00195" type="compound"
        link="http://www.kegg.jp/dbget-bin/www_bget?C00195">
        <graphics name="C00195" fgcolor="#000000" bgcolor="#FFFFFF"
             type="circle" x="618" y="279" width="8" height="8"/>
    </entry>
    <entry id="51" name="cpd:C16845" type="compound"
        link="http://www.kegg.jp/dbget-bin/www_bget?C16845">
        <graphics name="C16845" fgcolor="#000000" bgcolor="#FFFFFF"
             type="circle" x="502" y="272" width="8" height="8"/>
    </entry>
    <entry id="52" name="ko:K04716 ko:K04717" type="ortholog"
        link="http://www.kegg.jp/dbget-bin/www_bget?K04716+K04717">
        <graphics name="K04716..." fgcolor="#000000" bgcolor="#BFBFFF"
             type="rectangle" x="467" y="507" width="46" height="17"/>
    </entry>
    <entry id="53" name="ko:K04710" type="ortholog"
        link="http://www.kegg.jp/dbget-bin/www_bget?K04710">
        <graphics name="K04710" fgcolor="#000000" bgcolor="#BFBFFF"
             type="rectangle" x="467" y="417" width="46" height="17"/>
    </entry>
    <entry id="54" name="ko:K04440" type="ortholog"
        link="http://www.kegg.jp/dbget-bin/www_bget?K04440">
        <graphics name="K04440" fgcolor="#000000" bgcolor="#BFBFFF"
             type="rectangle" x="652" y="384" width="46" height="17"/>
    </entry>
    <entry id="55" name="ko:K04726" type="ortholog"
        link="http://www.kegg.jp/dbget-bin/www_bget?K04726">
        <graphics name="K04726" fgcolor="#000000" bgcolor="#BFBFFF"
             type="rectangle" x="652" y="350" width="46" height="17"/>
    </entry>
    <entry id="56" name="ko:K04441" type="ortholog"
        link="http://www.kegg.jp/dbget-bin/www_bget?K04441">
        <graphics name="K04441" fgcolor="#000000" bgcolor="#BFBFFF"
             type="rectangle" x="652" y="419" width="46" height="17"/>
    </entry>
    <entry id="57" name="ko:K02159" type="ortholog"
        link="http://www.kegg.jp/dbget-bin/www_bget?K02159">
        <graphics name="K02159" fgcolor="#000000" bgcolor="#BFBFFF"
             type="rectangle" x="746" y="402" width="46" height="17"/>
    </entry>
    <entry id="58" name="ko:K04456" type="ortholog"
        link="http://www.kegg.jp/dbget-bin/www_bget?K04456">
        <graphics name="K04456" fgcolor="#000000" bgcolor="#BFBFFF"
             type="rectangle" x="761" y="460" width="46" height="17"/>
    </entry>
    <entry id="59" name="ko:K04451" type="ortholog"
        link="http://www.kegg.jp/dbget-bin/www_bget?K04451">
        <graphics name="K04451" fgcolor="#000000" bgcolor="#BFBFFF"
             type="rectangle" x="852" y="498" width="46" height="17"/>
    </entry>
    <entry id="60" name="ko:K02161" type="ortholog"
        link="http://www.kegg.jp/dbget-bin/www_bget?K02161">
        <graphics name="K02161" fgcolor="#000000" bgcolor="#BFBFFF"
             type="rectangle" x="852" y="460" width="46" height="17"/>
    </entry>
    <entry id="61" name="cpd:C00346" type="compound"
        link="http://www.kegg.jp/dbget-bin/www_bget?C00346">
        <graphics name="C00346" fgcolor="#000000" bgcolor="#FFFFFF"
             type="circle" x="558" y="575" width="8" height="8"/>
    </entry>
    <entry id="62" name="ko:K01634" type="ortholog"
        link="http://www.kegg.jp/dbget-bin/www_bget?K01634">
        <graphics name="K01634" fgcolor="#000000" bgcolor="#BFBFFF"
             type="rectangle" x="499" y="564" width="46" height="17"/>
    </entry>
    <entry id="63" name="ko:K04714" type="ortholog"
        link="http://www.kegg.jp/dbget-bin/www_bget?K04714">
        <graphics name="K04714" fgcolor="#000000" bgcolor="#BFBFFF"
             type="rectangle" x="466" y="250" width="46" height="17"/>
    </entry>
    <entry id="64" name="ko:K13242" type="ortholog"
        link="http://www.kegg.jp/dbget-bin/www_bget?K13242">
        <graphics name="K13242" fgcolor="#000000" bgcolor="#BFBFFF"
             type="rectangle" x="676" y="681" width="46" height="17"/>
    </entry>
    <entry id="65" name="ko:K02159" type="ortholog"
        link="http://www.kegg.jp/dbget-bin/www_bget?K02159">
        <graphics name="K02159" fgcolor="#000000" bgcolor="#BFBFFF"
             type="rectangle" x="837" y="350" width="46" height="17"/>
    </entry>
    <entry id="66" name="cpd:C01245" type="compound"
        link="http://www.kegg.jp/dbget-bin/www_bget?C01245">
        <graphics name="C01245" fgcolor="#000000" bgcolor="#FFFFFF"
             type="circle" x="451" y="780" width="8" height="8"/>
    </entry>
    <entry id="67" name="cpd:C00165" type="compound"
        link="http://www.kegg.jp/dbget-bin/www_bget?C00165">
        <graphics name="C00165" fgcolor="#000000" bgcolor="#FFFFFF"
             type="circle" x="452" y="826" width="8" height="8"/>
    </entry>
    <entry id="68" name="ko:K02580 ko:K04735" type="ortholog"
        link="http://www.kegg.jp/dbget-bin/www_bget?K02580+K04735">
        <graphics name="K02580..." fgcolor="#000000" bgcolor="#BFBFFF"
             type="rectangle" x="550" y="904" width="46" height="17"/>
    </entry>
    <entry id="69" name="ko:K04392 ko:K07860 ko:K07861" type="ortholog"
        link="http://www.kegg.jp/dbget-bin/www_bget?K04392+K07860+K07861">
        <graphics name="K04392..." fgcolor="#000000" bgcolor="#BFBFFF"
             type="rectangle" x="524" y="748" width="46" height="17"/>
    </entry>
    <entry id="70" name="ko:K03158" type="ortholog"
        link="http://www.kegg.jp/dbget-bin/www_bget?K03158">
        <graphics name="K03158" fgcolor="#000000" bgcolor="#BFBFFF"
             type="rectangle" x="160" y="215" width="46" height="17"/>
    </entry>
    <entry id="71" name="ko:K04265 ko:K04268 ko:K03916 ko:K04213" type="ortholog"
        link="http://www.kegg.jp/dbget-bin/www_bget?K04265+K04268+K03916+K04213">
        <graphics name="K04265..." fgcolor="#000000" bgcolor="#BFBFFF"
             type="rectangle" x="160" y="474" width="46" height="17"/>
    </entry>
    <entry id="72" name="ko:K08089 ko:K08090 ko:K07983" type="ortholog"
        link="http://www.kegg.jp/dbget-bin/www_bget?K08089+K08090+K07983">
        <graphics name="K08089..." fgcolor="#000000" bgcolor="#BFBFFF"
             type="rectangle" x="160" y="322" width="46" height="17"/>
    </entry>
    <entry id="73" name="ko:K00922 ko:K02649" type="ortholog"
        link="http://www.kegg.jp/dbget-bin/www_bget?K00922+K02649">
        <graphics name="K00922..." fgcolor="#000000" bgcolor="#BFBFFF"
             type="rectangle" x="253" y="409" width="46" height="17"/>
    </entry>
    <entry id="74" name="ko:K01115" type="ortholog"
        link="http://www.kegg.jp/dbget-bin/www_bget?K01115">
        <graphics name="K01115" fgcolor="#000000" bgcolor="#BFBFFF"
             type="rectangle" x="322" y="474" width="46" height="17"/>
    </entry>
    <entry id="75" name="cpd:C05981" type="compound"
        link="http://www.kegg.jp/dbget-bin/www_bget?C05981">
        <graphics name="C05981" fgcolor="#000000" bgcolor="#FFFFFF"
             type="circle" x="282" y="442" width="8" height="8"/>
    </entry>
    <entry id="76" name="ko:K05703" type="ortholog"
        link="http://www.kegg.jp/dbget-bin/www_bget?K05703">
        <graphics name="K05703" fgcolor="#000000" bgcolor="#BFBFFF"
             type="rectangle" x="206" y="332" width="46" height="17"/>
    </entry>
    <entry id="77" name="ko:K08091" type="ortholog"
        link="http://www.kegg.jp/dbget-bin/www_bget?K08091">
        <graphics name="K08091" fgcolor="#000000" bgcolor="#BFBFFF"
             type="rectangle" x="232" y="372" width="46" height="17"/>
    </entry>
    <entry id="79" name="ko:K03171" type="ortholog"
        link="http://www.kegg.jp/dbget-bin/www_bget?K03171">
        <graphics name="K03171" fgcolor="#000000" bgcolor="#BFBFFF"
             type="rectangle" x="244" y="274" width="46" height="17"/>
    </entry>
    <entry id="80" name="ko:K03173" type="ortholog"
        link="http://www.kegg.jp/dbget-bin/www_bget?K03173">
        <graphics name="K03173" fgcolor="#000000" bgcolor="#BFBFFF"
             type="rectangle" x="288" y="331" width="46" height="17"/>
    </entry>
    <entry id="81" name="ko:K04630" type="ortholog"
        link="http://www.kegg.jp/dbget-bin/www_bget?K04630">
        <graphics name="K04630" fgcolor="#000000" bgcolor="#BFBFFF"
             type="rectangle" x="240" y="475" width="46" height="17"/>
    </entry>
    <entry id="82" name="ko:K05858" type="ortholog"
        link="http://www.kegg.jp/dbget-bin/www_bget?K05858">
        <graphics name="K05858" fgcolor="#000000" bgcolor="#BFBFFF"
             type="rectangle" x="263" y="514" width="46" height="17"/>
    </entry>
    <entry id="83" name="ko:K18050" type="ortholog"
        link="http://www.kegg.jp/dbget-bin/www_bget?K18050">
        <graphics name="K18050" fgcolor="#000000" bgcolor="#BFBFFF"
             type="rectangle" x="332" y="536" width="46" height="17"/>
    </entry>
    <entry id="84" name="cpd:C00212" type="compound"
        link="http://www.kegg.jp/dbget-bin/www_bget?C00212">
        <graphics name="C00212" fgcolor="#000000" bgcolor="#FFFFFF"
             type="circle" x="80" y="442" width="8" height="8"/>
    </entry>
    <entry id="85" name="cpd:C00306" type="compound"
        link="http://www.kegg.jp/dbget-bin/www_bget?C00306">
        <graphics name="C00306" fgcolor="#000000" bgcolor="#FFFFFF"
             type="circle" x="80" y="473" width="8" height="8"/>
    </entry>
    <entry id="87" name="path:ko04142" type="map"
        link="http://www.kegg.jp/dbget-bin/www_bget?ko04142">
        <graphics name="Lysosome" fgcolor="#000000" bgcolor="#FFFFFF"
             type="roundrectangle" x="763" y="303" width="92" height="25"/>
    </entry>
    <entry id="88" name="cpd:C00154" type="compound"
        link="http://www.kegg.jp/dbget-bin/www_bget?C00154">
        <graphics name="C00154" fgcolor="#000000" bgcolor="#FFFFFF"
             type="circle" x="886" y="147" width="8" height="8"/>
    </entry>
    <entry id="89" name="cpd:C00533" type="compound"
        link="http://www.kegg.jp/dbget-bin/www_bget?C00533">
        <graphics name="C00533" fgcolor="#000000" bgcolor="#FFFFFF"
             type="circle" x="737" y="682" width="8" height="8"/>
    </entry>
    <entry id="90" name="ko:K04371" type="ortholog"
        link="http://www.kegg.jp/dbget-bin/www_bget?K04371">
        <graphics name="K04371" fgcolor="#000000" bgcolor="#BFBFFF"
             type="rectangle" x="387" y="554" width="46" height="17"/>
    </entry>
    <relation entry1="5" entry2="7" type="PCrel">
        <subtype name="activation" value="--&gt;"/>
    </relation>
    <relation entry1="7" entry2="6" type="PCrel">
        <subtype name="activation" value="--&gt;"/>
    </relation>
    <relation entry1="6" entry2="4" type="PPrel">
        <subtype name="activation" value="--&gt;"/>
    </relation>
    <relation entry1="3" entry2="2" type="PPrel">
        <subtype name="activation" value="--&gt;"/>
        <subtype name="phosphorylation" value="+p"/>
    </relation>
    <relation entry1="2" entry2="1" type="PPrel">
        <subtype name="activation" value="--&gt;"/>
        <subtype name="phosphorylation" value="+p"/>
    </relation>
    <relation entry1="35" entry2="70" type="PPrel">
        <subtype name="activation" value="--&gt;"/>
    </relation>
    <relation entry1="70" entry2="39" type="PPrel">
        <subtype name="activation" value="--&gt;"/>
    </relation>
    <relation entry1="39" entry2="40" type="PPrel">
        <subtype name="activation" value="--&gt;"/>
    </relation>
    <relation entry1="70" entry2="79" type="PPrel">
        <subtype name="activation" value="--&gt;"/>
    </relation>
    <relation entry1="79" entry2="80" type="PPrel">
        <subtype name="activation" value="--&gt;"/>
    </relation>
    <relation entry1="76" entry2="77" type="PPrel">
        <subtype name="activation" value="--&gt;"/>
    </relation>
    <relation entry1="77" entry2="73" type="PPrel">
        <subtype name="activation" value="--&gt;"/>
    </relation>
    <relation entry1="73" entry2="75" type="PCrel">
        <subtype name="activation" value="--&gt;"/>
    </relation>
    <relation entry1="75" entry2="74" type="PCrel">
        <subtype name="activation" value="--&gt;"/>
    </relation>
    <relation entry1="74" entry2="42" type="PPrel">
        <subtype name="activation" value="--&gt;"/>
    </relation>
    <relation entry1="84" entry2="71" type="PCrel">
        <subtype name="activation" value="--&gt;"/>
    </relation>
    <relation entry1="85" entry2="71" type="PCrel">
        <subtype name="activation" value="--&gt;"/>
    </relation>
    <relation entry1="71" entry2="81" type="PPrel">
        <subtype name="activation" value="--&gt;"/>
    </relation>
    <relation entry1="81" entry2="82" type="PPrel">
        <subtype name="activation" value="--&gt;"/>
    </relation>
    <relation entry1="83" entry2="42" type="PPrel">
        <subtype name="activation" value="--&gt;"/>
    </relation>
    <relation entry1="90" entry2="42" type="PPrel">
        <subtype name="activation" value="--&gt;"/>
    </relation>
    <relation entry1="82" entry2="83" type="PPrel">
        <subtype name="activation" value="--&gt;"/>
        <subtype name="indirect effect" value="..&gt;"/>
    </relation>
    <relation entry1="80" entry2="42" type="PPrel">
        <subtype name="activation" value="--&gt;"/>
        <subtype name="indirect effect" value="..&gt;"/>
    </relation>
    <relation entry1="30" entry2="44" type="PCrel">
        <subtype name="activation" value="--&gt;"/>
    </relation>
    <relation entry1="55" entry2="65" type="PPrel">
        <subtype name="activation" value="--&gt;"/>
    </relation>
    <relation entry1="30" entry2="45" type="PCrel">
        <subtype name="activation" value="--&gt;"/>
    </relation>
    <relation entry1="45" entry2="54" type="PPrel">
        <subtype name="activation" value="--&gt;"/>
    </relation>
    <relation entry1="45" entry2="56" type="PPrel">
        <subtype name="activation" value="--&gt;"/>
    </relation>
    <relation entry1="30" entry2="46" type="PCrel">
        <subtype name="activation" value="--&gt;"/>
    </relation>
    <relation entry1="58" entry2="60" type="PPrel">
        <subtype name="activation" value="--&gt;"/>
    </relation>
    <relation entry1="30" entry2="47" type="PCrel">
        <subtype name="activation" value="--&gt;"/>
    </relation>
    <relation entry1="44" entry2="55" type="PPrel">
        <subtype name="activation" value="--&gt;"/>
        <subtype name="indirect effect" value="..&gt;"/>
    </relation>
    <relation entry1="54" entry2="57" type="PPrel">
        <subtype name="activation" value="--&gt;"/>
        <subtype name="indirect effect" value="..&gt;"/>
    </relation>
    <relation entry1="56" entry2="57" type="PPrel">
        <subtype name="activation" value="--&gt;"/>
        <subtype name="indirect effect" value="..&gt;"/>
    </relation>
    <relation entry1="33" entry2="12" type="PCrel">
        <subtype name="activation" value="--&gt;"/>
    </relation>
    <relation entry1="33" entry2="13" type="PCrel">
        <subtype name="activation" value="--&gt;"/>
    </relation>
    <relation entry1="33" entry2="14" type="PCrel">
        <subtype name="activation" value="--&gt;"/>
    </relation>
    <relation entry1="33" entry2="15" type="PCrel">
        <subtype name="activation" value="--&gt;"/>
    </relation>
    <relation entry1="33" entry2="16" type="PCrel">
        <subtype name="activation" value="--&gt;"/>
    </relation>
    <relation entry1="12" entry2="17" type="PPrel">
        <subtype name="activation" value="--&gt;"/>
    </relation>
    <relation entry1="13" entry2="17" type="PPrel">
        <subtype name="activation" value="--&gt;"/>
    </relation>
    <relation entry1="13" entry2="18" type="PPrel">
        <subtype name="activation" value="--&gt;"/>
    </relation>
    <relation entry1="13" entry2="19" type="PPrel">
        <subtype name="activation" value="--&gt;"/>
    </relation>
    <relation entry1="14" entry2="17" type="PPrel">
        <subtype name="activation" value="--&gt;"/>
    </relation>
    <relation entry1="14" entry2="18" type="PPrel">
        <subtype name="activation" value="--&gt;"/>
    </relation>
    <relation entry1="14" entry2="19" type="PPrel">
        <subtype name="activation" value="--&gt;"/>
    </relation>
    <relation entry1="15" entry2="17" type="PPrel">
        <subtype name="activation" value="--&gt;"/>
    </relation>
    <relation entry1="15" entry2="19" type="PPrel">
        <subtype name="activation" value="--&gt;"/>
    </relation>
    <relation entry1="16" entry2="17" type="PPrel">
        <subtype name="activation" value="--&gt;"/>
    </relation>
    <relation entry1="16" entry2="19" type="PPrel">
        <subtype name="activation" value="--&gt;"/>
    </relation>
    <relation entry1="17" entry2="20" type="PPrel">
        <subtype name="activation" value="--&gt;"/>
    </relation>
    <relation entry1="20" entry2="3" type="PPrel">
        <subtype name="activation" value="--&gt;"/>
    </relation>
    <relation entry1="17" entry2="5" type="PPrel">
        <subtype name="activation" value="--&gt;"/>
    </relation>
    <relation entry1="4" entry2="64" type="PPrel">
        <subtype name="activation" value="--&gt;"/>
        <subtype name="phosphorylation" value="+p"/>
    </relation>
    <relation entry1="64" entry2="89" type="PCrel">
        <subtype name="activation" value="--&gt;"/>
    </relation>
    <relation entry1="5" entry2="69" type="PPrel">
        <subtype name="activation" value="--&gt;"/>
    </relation>
    <relation entry1="17" entry2="21" type="PPrel">
        <subtype name="activation" value="--&gt;"/>
    </relation>
    <relation entry1="18" entry2="21" type="PPrel">
        <subtype name="activation" value="--&gt;"/>
    </relation>
    <relation entry1="21" entry2="66" type="PCrel">
        <subtype name="activation" value="--&gt;"/>
    </relation>
    <relation entry1="21" entry2="67" type="PCrel">
        <subtype name="activation" value="--&gt;"/>
    </relation>
    <relation entry1="67" entry2="11" type="PCrel">
        <subtype name="activation" value="--&gt;"/>
    </relation>
    <relation entry1="19" entry2="22" type="PPrel">
        <subtype name="activation" value="--&gt;"/>
    </relation>
    <relation entry1="22" entry2="23" type="PPrel">
        <subtype name="activation" value="--&gt;"/>
    </relation>
    <relation entry1="23" entry2="24" type="PPrel">
        <subtype name="activation" value="--&gt;"/>
    </relation>
    <relation entry1="23" entry2="68" type="PPrel">
        <subtype name="activation" value="--&gt;"/>
    </relation>
    <relation entry1="51" entry2="48" type="PCrel">
        <subtype name="activation" value="--&gt;"/>
        <subtype name="indirect effect" value="..&gt;"/>
    </relation>
    <relation entry1="56" entry2="58" type="PPrel">
        <subtype name="inhibition" value="--|"/>
    </relation>
    <relation entry1="46" entry2="58" type="PPrel">
        <subtype name="inhibition" value="--|"/>
    </relation>
    <relation entry1="47" entry2="58" type="PPrel">
        <subtype name="inhibition" value="--|"/>
        <subtype name="dephosphorylation" value="-p"/>
    </relation>
    <relation entry1="47" entry2="60" type="PPrel">
        <subtype name="inhibition" value="--|"/>
        <subtype name="dephosphorylation" value="-p"/>
    </relation>
    <relation entry1="60" entry2="59" type="PPrel">
        <subtype name="binding/association" value="---"/>
    </relation>
    <relation entry1="72" entry2="76" type="PPrel">
        <subtype name="binding/association" value="---"/>
    </relation>
</pathway>
