<?xml version="1.0"?>
<!DOCTYPE pathway SYSTEM "http://www.kegg.jp/kegg/xml/KGML_v0.7.2_.dtd">
<!-- Creation date: Dec 26, 2016 13:25:52 +0900 (GMT+9) -->
<pathway name="path:ko00030" org="ko" number="00030"
         title="Pentose phosphate pathway"
         image="http://www.kegg.jp/kegg/pathway/ko/ko00030.png"
         link="http://www.kegg.jp/kegg-bin/show_pathway?ko00030">
    <entry id="36" name="ko:K05774" type="ortholog" reaction="rn:R06836"
        link="http://www.kegg.jp/dbget-bin/www_bget?K05774">
        <graphics name="K05774" fgcolor="#000000" bgcolor="#BFBFFF"
             type="rectangle" x="628" y="605" width="46" height="17"/>
    </entry>
    <entry id="37" name="ko:K01810 ko:K06859 ko:K13810 ko:K15916" type="ortholog" reaction="rn:R02739"
        link="http://www.kegg.jp/dbget-bin/www_bget?K01810+K06859+K13810+K15916">
        <graphics name="K01810..." fgcolor="#000000" bgcolor="#BFBFFF"
             type="rectangle" x="202" y="351" width="46" height="17"/>
    </entry>
    <entry id="38" name="ko:K01625 ko:K17463" type="ortholog" reaction="rn:R05605"
        link="http://www.kegg.jp/dbget-bin/www_bget?K01625+K17463">
        <graphics name="K01625..." fgcolor="#000000" bgcolor="#BFBFFF"
             type="rectangle" x="740" y="310" width="46" height="17"/>
    </entry>
    <entry id="39" name="path:ko00010" type="map"
        link="http://www.kegg.jp/dbget-bin/www_bget?ko00010">
        <graphics name="Glycolysis / Gluconeogenesis" fgcolor="#000000" bgcolor="#FFFFFF"
             type="roundrectangle" x="1005" y="227" width="71" height="26"/>
    </entry>
    <entry id="40" name="ko:K00852" type="ortholog" reaction="rn:R02750"
        link="http://www.kegg.jp/dbget-bin/www_bget?K00852">
        <graphics name="K00852" fgcolor="#000000" bgcolor="#BFBFFF"
             type="rectangle" x="401" y="663" width="46" height="17"/>
    </entry>
    <entry id="41" name="ko:K01839 ko:K15779" type="ortholog" reaction="rn:R02749"
        link="http://www.kegg.jp/dbget-bin/www_bget?K01839+K15779">
        <graphics name="K01839..." fgcolor="#000000" bgcolor="#BFBFFF"
             type="rectangle" x="402" y="695" width="46" height="17"/>
    </entry>
    <entry id="42" name="ko:K01619" type="ortholog" reaction="rn:R01066"
        link="http://www.kegg.jp/dbget-bin/www_bget?K01619">
        <graphics name="K01619" fgcolor="#000000" bgcolor="#BFBFFF"
             type="rectangle" x="262" y="695" width="46" height="17"/>
    </entry>
    <entry id="43" name="ko:K00948" type="ortholog" reaction="rn:R01049"
        link="http://www.kegg.jp/dbget-bin/www_bget?K00948">
        <graphics name="K00948" fgcolor="#000000" bgcolor="#BFBFFF"
             type="rectangle" x="530" y="567" width="46" height="17"/>
    </entry>
    <entry id="44" name="ko:K01839 ko:K15779" type="ortholog" reaction="rn:R01057"
        link="http://www.kegg.jp/dbget-bin/www_bget?K01839+K15779">
        <graphics name="K01839..." fgcolor="#000000" bgcolor="#BFBFFF"
             type="rectangle" x="628" y="541" width="46" height="17"/>
    </entry>
    <entry id="45" name="ko:K00852" type="ortholog" reaction="rn:R01051"
        link="http://www.kegg.jp/dbget-bin/www_bget?K00852">
        <graphics name="K00852" fgcolor="#000000" bgcolor="#BFBFFF"
             type="rectangle" x="628" y="520" width="46" height="17"/>
    </entry>
    <entry id="46" name="ko:K00615" type="ortholog" reaction="rn:R01641"
        link="http://www.kegg.jp/dbget-bin/www_bget?K00615">
        <graphics name="K00615" fgcolor="#000000" bgcolor="#BFBFFF"
             type="rectangle" x="420" y="560" width="46" height="17"/>
    </entry>
    <entry id="47" name="ko:K01807 ko:K01808" type="ortholog" reaction="rn:R01056"
        link="http://www.kegg.jp/dbget-bin/www_bget?K01807+K01808">
        <graphics name="K01807..." fgcolor="#000000" bgcolor="#BFBFFF"
             type="rectangle" x="530" y="485" width="46" height="17"/>
    </entry>
    <entry id="48" name="ko:K01783" type="ortholog" reaction="rn:R01529"
        link="http://www.kegg.jp/dbget-bin/www_bget?K01783">
        <graphics name="K01783" fgcolor="#000000" bgcolor="#BFBFFF"
             type="rectangle" x="476" y="446" width="46" height="17"/>
    </entry>
    <entry id="49" name="ko:K00615" type="ortholog" reaction="rn:R01830"
        link="http://www.kegg.jp/dbget-bin/www_bget?K00615">
        <graphics name="K00615" fgcolor="#000000" bgcolor="#BFBFFF"
             type="rectangle" x="305" y="446" width="46" height="17"/>
    </entry>
    <entry id="50" name="ko:K01623 ko:K01624 ko:K01622 ko:K11645 ko:K16305 ko:K16306" type="ortholog" reaction="rn:R01070"
        link="http://www.kegg.jp/dbget-bin/www_bget?K01623+K01624+K01622+K11645+K16305+K16306">
        <graphics name="K01623..." fgcolor="#000000" bgcolor="#BFBFFF"
             type="rectangle" x="200" y="562" width="46" height="17"/>
    </entry>
    <entry id="51" name="ko:K00850 ko:K16370 ko:K21071" type="ortholog" reaction="rn:R04779"
        link="http://www.kegg.jp/dbget-bin/www_bget?K00850+K16370+K21071">
        <graphics name="K00850..." fgcolor="#000000" bgcolor="#BFBFFF"
             type="rectangle" x="176" y="493" width="46" height="17"/>
    </entry>
    <entry id="52" name="ko:K03841 ko:K02446 ko:K11532 ko:K01086 ko:K04041 ko:K01622" type="ortholog" reaction="rn:R04780"
        link="http://www.kegg.jp/dbget-bin/www_bget?K03841+K02446+K11532+K01086+K04041+K01622">
        <graphics name="K03841..." fgcolor="#000000" bgcolor="#BFBFFF"
             type="rectangle" x="140" y="469" width="46" height="17"/>
    </entry>
    <entry id="53" name="ko:K01810 ko:K06859 ko:K13810 ko:K15916" type="ortholog" reaction="rn:R02740"
        link="http://www.kegg.jp/dbget-bin/www_bget?K01810+K06859+K13810+K15916">
        <graphics name="K01810..." fgcolor="#000000" bgcolor="#BFBFFF"
             type="rectangle" x="202" y="416" width="46" height="17"/>
    </entry>
    <entry id="54" name="ko:K00032" type="ortholog" reaction="rn:R02032 rn:R02034"
        link="http://www.kegg.jp/dbget-bin/www_bget?K00032">
        <graphics name="K00032" fgcolor="#000000" bgcolor="#BFBFFF"
             type="rectangle" x="493" y="277" width="46" height="17"/>
    </entry>
    <entry id="55" name="ko:K11441" type="ortholog" reaction="rn:R02658"
        link="http://www.kegg.jp/dbget-bin/www_bget?K11441">
        <graphics name="K11441" fgcolor="#000000" bgcolor="#BFBFFF"
             type="rectangle" x="450" y="241" width="46" height="17"/>
    </entry>
    <entry id="56" name="ko:K00033" type="ortholog" reaction="rn:R01528"
        link="http://www.kegg.jp/dbget-bin/www_bget?K00033">
        <graphics name="K00033" fgcolor="#000000" bgcolor="#BFBFFF"
             type="rectangle" x="504" y="363" width="46" height="17"/>
    </entry>
    <entry id="57" name="ko:K01057 ko:K07404" type="ortholog" reaction="rn:R02035"
        link="http://www.kegg.jp/dbget-bin/www_bget?K01057+K07404">
        <graphics name="K01057..." fgcolor="#000000" bgcolor="#BFBFFF"
             type="rectangle" x="451" y="320" width="46" height="17"/>
    </entry>
    <entry id="58" name="ko:K00036" type="ortholog" reaction="rn:R02736"
        link="http://www.kegg.jp/dbget-bin/www_bget?K00036">
        <graphics name="K00036" fgcolor="#000000" bgcolor="#BFBFFF"
             type="rectangle" x="280" y="310" width="46" height="17"/>
    </entry>
    <entry id="60" name="ko:K00874" type="ortholog" reaction="rn:R01541"
        link="http://www.kegg.jp/dbget-bin/www_bget?K00874">
        <graphics name="K00874" fgcolor="#000000" bgcolor="#BFBFFF"
             type="rectangle" x="641" y="241" width="46" height="17"/>
    </entry>
    <entry id="61" name="ko:K01690" type="ortholog" reaction="rn:R02036"
        link="http://www.kegg.jp/dbget-bin/www_bget?K01690">
        <graphics name="K01690" fgcolor="#000000" bgcolor="#BFBFFF"
             type="rectangle" x="598" y="321" width="46" height="17"/>
    </entry>
    <entry id="62" name="ko:K00851" type="ortholog" reaction="rn:R01737"
        link="http://www.kegg.jp/dbget-bin/www_bget?K00851">
        <graphics name="K00851" fgcolor="#000000" bgcolor="#BFBFFF"
             type="rectangle" x="534" y="241" width="46" height="17"/>
    </entry>
    <entry id="63" name="ko:K05308" type="ortholog" reaction="rn:R01538"
        link="http://www.kegg.jp/dbget-bin/www_bget?K05308">
        <graphics name="K05308" fgcolor="#000000" bgcolor="#BFBFFF"
             type="rectangle" x="598" y="166" width="46" height="17"/>
    </entry>
    <entry id="64" name="ko:K01053" type="ortholog" reaction="rn:R01519"
        link="http://www.kegg.jp/dbget-bin/www_bget?K01053">
        <graphics name="K01053" fgcolor="#000000" bgcolor="#BFBFFF"
             type="rectangle" x="421" y="156" width="46" height="17"/>
    </entry>
    <entry id="65" name="ko:K00117" type="ortholog" reaction="rn:R06620"
        link="http://www.kegg.jp/dbget-bin/www_bget?K00117">
        <graphics name="K00117" fgcolor="#000000" bgcolor="#BFBFFF"
             type="rectangle" x="290" y="214" width="46" height="17"/>
    </entry>
    <entry id="66" name="ko:K00115 ko:K19813" type="ortholog" reaction="rn:R00305"
        link="http://www.kegg.jp/dbget-bin/www_bget?K00115+K19813">
        <graphics name="K00115..." fgcolor="#000000" bgcolor="#BFBFFF"
             type="rectangle" x="242" y="214" width="46" height="17"/>
    </entry>
    <entry id="68" name="ko:K00034" type="ortholog" reaction="rn:R01520 rn:R01521"
        link="http://www.kegg.jp/dbget-bin/www_bget?K00034">
        <graphics name="K00034" fgcolor="#000000" bgcolor="#BFBFFF"
             type="rectangle" x="267" y="125" width="46" height="17"/>
    </entry>
    <entry id="69" name="path:ko00010" type="map"
        link="http://www.kegg.jp/dbget-bin/www_bget?ko00010">
        <graphics name="Glycolysis / Gluconeogenesis" fgcolor="#000000" bgcolor="#FFFFFF"
             type="roundrectangle" x="50" y="493" width="64" height="263"/>
    </entry>
    <entry id="70" name="path:ko00040" type="map"
        link="http://www.kegg.jp/dbget-bin/www_bget?ko00040">
        <graphics name="Pentose and glucuronate interconversions" fgcolor="#000000" bgcolor="#FFFFFF"
             type="roundrectangle" x="685" y="446" width="136" height="34"/>
    </entry>
    <entry id="71" name="path:ko00230" type="map"
        link="http://www.kegg.jp/dbget-bin/www_bget?ko00230">
        <graphics name="Purine metabolism" fgcolor="#000000" bgcolor="#FFFFFF"
             type="roundrectangle" x="635" y="644" width="73" height="32"/>
    </entry>
    <entry id="72" name="path:ko00030" type="map"
        link="http://www.kegg.jp/dbget-bin/www_bget?ko00030">
        <graphics name="TITLE:Pentose phosphate pathway" fgcolor="#000000" bgcolor="#FFFFFF"
             type="roundrectangle" x="160" y="58" width="239" height="25"/>
    </entry>
    <entry id="73" name="path:ko00240" type="map"
        link="http://www.kegg.jp/dbget-bin/www_bget?ko00240">
        <graphics name="Pyrimidine metabolism" fgcolor="#000000" bgcolor="#FFFFFF"
             type="roundrectangle" x="635" y="679" width="73" height="32"/>
    </entry>
    <entry id="74" name="path:ko00340" type="map"
        link="http://www.kegg.jp/dbget-bin/www_bget?ko00340">
        <graphics name="Histidine metabolism" fgcolor="#000000" bgcolor="#FFFFFF"
             type="roundrectangle" x="636" y="714" width="73" height="32"/>
    </entry>
    <entry id="76" name="ko:K06151 ko:K06152" type="ortholog" reaction="rn:R01741"
        link="http://www.kegg.jp/dbget-bin/www_bget?K06151+K06152">
        <graphics name="K06151..." fgcolor="#000000" bgcolor="#BFBFFF"
             type="rectangle" x="450" y="185" width="46" height="17"/>
    </entry>
    <entry id="77" name="ko:K00616 ko:K13810" type="ortholog" reaction="rn:R01827"
        link="http://www.kegg.jp/dbget-bin/www_bget?K00616+K13810">
        <graphics name="K00616..." fgcolor="#000000" bgcolor="#BFBFFF"
             type="rectangle" x="364" y="526" width="46" height="17"/>
    </entry>
    <entry id="78" name="ko:K01835 ko:K15779 ko:K15778" type="ortholog" reaction="rn:R01057"
        link="http://www.kegg.jp/dbget-bin/www_bget?K01835+K15779+K15778">
        <graphics name="K01835..." fgcolor="#000000" bgcolor="#BFBFFF"
             type="rectangle" x="628" y="562" width="46" height="17"/>
    </entry>
    <entry id="84" name="ko:K11395" type="ortholog" reaction="rn:R08570"
        link="http://www.kegg.jp/dbget-bin/www_bget?K11395">
        <graphics name="K11395" fgcolor="#000000" bgcolor="#BFBFFF"
             type="rectangle" x="740" y="145" width="46" height="17"/>
    </entry>
    <entry id="86" name="ko:K03738" type="ortholog" reaction="rn:R08571"
        link="http://www.kegg.jp/dbget-bin/www_bget?K03738">
        <graphics name="K03738" fgcolor="#000000" bgcolor="#BFBFFF"
             type="rectangle" x="867" y="174" width="46" height="17"/>
    </entry>
    <entry id="88" name="ko:K11529" type="ortholog" reaction="rn:R08572"
        link="http://www.kegg.jp/dbget-bin/www_bget?K11529">
        <graphics name="K11529" fgcolor="#000000" bgcolor="#BFBFFF"
             type="rectangle" x="955" y="156" width="46" height="17"/>
    </entry>
    <entry id="89" name="path:ko00040" type="map"
        link="http://www.kegg.jp/dbget-bin/www_bget?ko00040">
        <graphics name="Pentose and glucuronate interconversions" fgcolor="#000000" bgcolor="#FFFFFF"
             type="roundrectangle" x="496" y="116" width="129" height="34"/>
    </entry>
    <entry id="91" name="ko:K11395" type="ortholog" reaction="rn:R05605"
        link="http://www.kegg.jp/dbget-bin/www_bget?K11395">
        <graphics name="K11395" fgcolor="#000000" bgcolor="#BFBFFF"
             type="rectangle" x="740" y="331" width="46" height="17"/>
    </entry>
    <entry id="93" name="ko:K01621" type="ortholog" reaction="rn:R01621"
        link="http://www.kegg.jp/dbget-bin/www_bget?K01621">
        <graphics name="K01621" fgcolor="#000000" bgcolor="#BFBFFF"
             type="rectangle" x="263" y="639" width="46" height="17"/>
    </entry>
    <entry id="95" name="ko:K00090" type="ortholog" reaction="rn:R01739"
        link="http://www.kegg.jp/dbget-bin/www_bget?K00090">
        <graphics name="K00090" fgcolor="#000000" bgcolor="#BFBFFF"
             type="rectangle" x="493" y="216" width="46" height="17"/>
    </entry>
    <entry id="97" name="ko:K13937" type="ortholog" reaction="rn:R02736 rn:R02035"
        link="http://www.kegg.jp/dbget-bin/www_bget?K13937">
        <graphics name="K13937" fgcolor="#000000" bgcolor="#BFBFFF"
             type="rectangle" x="359" y="294" width="46" height="17"/>
    </entry>
    <entry id="98" name="cpd:C01151" type="compound"
        link="http://www.kegg.jp/dbget-bin/www_bget?C01151">
        <graphics name="C01151" fgcolor="#000000" bgcolor="#FFFFFF"
             type="circle" x="692" y="603" width="8" height="8"/>
    </entry>
    <entry id="99" name="cpd:C00668" type="compound"
        link="http://www.kegg.jp/dbget-bin/www_bget?C00668">
        <graphics name="C00668" fgcolor="#000000" bgcolor="#FFFFFF"
             type="circle" x="201" y="383" width="8" height="8"/>
    </entry>
    <entry id="100" name="cpd:C00118" type="compound"
        link="http://www.kegg.jp/dbget-bin/www_bget?C00118">
        <graphics name="C00118" fgcolor="#000000" bgcolor="#FFFFFF"
             type="circle" x="818" y="320" width="8" height="8"/>
    </entry>
    <entry id="101" name="cpd:C00022" type="compound"
        link="http://www.kegg.jp/dbget-bin/www_bget?C00022">
        <graphics name="C00022" fgcolor="#000000" bgcolor="#FFFFFF"
             type="circle" x="778" y="228" width="8" height="8"/>
    </entry>
    <entry id="102" name="cpd:C00257" type="compound"
        link="http://www.kegg.jp/dbget-bin/www_bget?C00257">
        <graphics name="C00257" fgcolor="#000000" bgcolor="#FFFFFF"
             type="circle" x="529" y="155" width="8" height="8"/>
    </entry>
    <entry id="103" name="cpd:C00198" type="compound"
        link="http://www.kegg.jp/dbget-bin/www_bget?C00198">
        <graphics name="C00198" fgcolor="#000000" bgcolor="#FFFFFF"
             type="circle" x="331" y="155" width="8" height="8"/>
    </entry>
    <entry id="104" name="cpd:C00031" type="compound"
        link="http://www.kegg.jp/dbget-bin/www_bget?C00031">
        <graphics name="C00031" fgcolor="#000000" bgcolor="#FFFFFF"
             type="circle" x="201" y="203" width="8" height="8"/>
    </entry>
    <entry id="105" name="cpd:C00221" type="compound"
        link="http://www.kegg.jp/dbget-bin/www_bget?C00221">
        <graphics name="C00221" fgcolor="#000000" bgcolor="#FFFFFF"
             type="circle" x="201" y="155" width="8" height="8"/>
    </entry>
    <entry id="106" name="cpd:C00345" type="compound"
        link="http://www.kegg.jp/dbget-bin/www_bget?C00345">
        <graphics name="C00345" fgcolor="#000000" bgcolor="#FFFFFF"
             type="circle" x="529" y="320" width="8" height="8"/>
    </entry>
    <entry id="107" name="cpd:C00204" type="compound"
        link="http://www.kegg.jp/dbget-bin/www_bget?C00204">
        <graphics name="C00204" fgcolor="#000000" bgcolor="#FFFFFF"
             type="circle" x="666" y="155" width="8" height="8"/>
    </entry>
    <entry id="108" name="cpd:C03752" type="compound"
        link="http://www.kegg.jp/dbget-bin/www_bget?C03752">
        <graphics name="C03752" fgcolor="#000000" bgcolor="#FFFFFF"
             type="circle" x="576" y="383" width="8" height="8"/>
    </entry>
    <entry id="109" name="cpd:C04442" type="compound"
        link="http://www.kegg.jp/dbget-bin/www_bget?C04442">
        <graphics name="C04442" fgcolor="#000000" bgcolor="#FFFFFF"
             type="circle" x="666" y="320" width="8" height="8"/>
    </entry>
    <entry id="110" name="cpd:C00117" type="compound"
        link="http://www.kegg.jp/dbget-bin/www_bget?C00117">
        <graphics name="C00117" fgcolor="#000000" bgcolor="#FFFFFF"
             type="circle" x="529" y="520" width="8" height="8"/>
    </entry>
    <entry id="111" name="cpd:C00119" type="compound"
        link="http://www.kegg.jp/dbget-bin/www_bget?C00119">
        <graphics name="C00119" fgcolor="#000000" bgcolor="#FFFFFF"
             type="circle" x="529" y="603" width="8" height="8"/>
    </entry>
    <entry id="112" name="cpd:C00620" type="compound"
        link="http://www.kegg.jp/dbget-bin/www_bget?C00620">
        <graphics name="C00620" fgcolor="#000000" bgcolor="#FFFFFF"
             type="circle" x="692" y="551" width="8" height="8"/>
    </entry>
    <entry id="113" name="cpd:C00121" type="compound"
        link="http://www.kegg.jp/dbget-bin/www_bget?C00121">
        <graphics name="C00121" fgcolor="#000000" bgcolor="#FFFFFF"
             type="circle" x="692" y="520" width="8" height="8"/>
    </entry>
    <entry id="114" name="cpd:C00279" type="compound"
        link="http://www.kegg.jp/dbget-bin/www_bget?C00279">
        <graphics name="C00279" fgcolor="#000000" bgcolor="#FFFFFF"
             type="circle" x="363" y="477" width="8" height="8"/>
    </entry>
    <entry id="115" name="cpd:C01218" type="compound"
        link="http://www.kegg.jp/dbget-bin/www_bget?C01218">
        <graphics name="C01218" fgcolor="#000000" bgcolor="#FFFFFF"
             type="circle" x="450" y="276" width="8" height="8"/>
    </entry>
    <entry id="116" name="cpd:C05382" type="compound"
        link="http://www.kegg.jp/dbget-bin/www_bget?C05382">
        <graphics name="C05382" fgcolor="#000000" bgcolor="#FFFFFF"
             type="circle" x="363" y="584" width="8" height="8"/>
    </entry>
    <entry id="117" name="cpd:C01801" type="compound"
        link="http://www.kegg.jp/dbget-bin/www_bget?C01801">
        <graphics name="C01801" fgcolor="#000000" bgcolor="#FFFFFF"
             type="circle" x="465" y="663" width="8" height="8"/>
    </entry>
    <entry id="118" name="cpd:C00673" type="compound"
        link="http://www.kegg.jp/dbget-bin/www_bget?C00673">
        <graphics name="C00673" fgcolor="#000000" bgcolor="#FFFFFF"
             type="circle" x="331" y="694" width="8" height="8"/>
    </entry>
    <entry id="119" name="cpd:C00118" type="compound"
        link="http://www.kegg.jp/dbget-bin/www_bget?C00118">
        <graphics name="C00118" fgcolor="#000000" bgcolor="#FFFFFF"
             type="circle" x="201" y="602" width="8" height="8"/>
    </entry>
    <entry id="120" name="cpd:C05378" type="compound"
        link="http://www.kegg.jp/dbget-bin/www_bget?C05378">
        <graphics name="C05378" fgcolor="#000000" bgcolor="#FFFFFF"
             type="circle" x="201" y="523" width="8" height="8"/>
    </entry>
    <entry id="121" name="cpd:C01172" type="compound"
        link="http://www.kegg.jp/dbget-bin/www_bget?C01172">
        <graphics name="C01172" fgcolor="#000000" bgcolor="#FFFFFF"
             type="circle" x="201" y="320" width="8" height="8"/>
    </entry>
    <entry id="122" name="cpd:C01236" type="compound"
        link="http://www.kegg.jp/dbget-bin/www_bget?C01236">
        <graphics name="C01236" fgcolor="#000000" bgcolor="#FFFFFF"
             type="circle" x="365" y="320" width="8" height="8"/>
    </entry>
    <entry id="123" name="cpd:C06473" type="compound"
        link="http://www.kegg.jp/dbget-bin/www_bget?C06473">
        <graphics name="C06473" fgcolor="#000000" bgcolor="#FFFFFF"
             type="circle" x="450" y="215" width="8" height="8"/>
    </entry>
    <entry id="124" name="cpd:C05345" type="compound"
        link="http://www.kegg.jp/dbget-bin/www_bget?C05345">
        <graphics name="C05345" fgcolor="#000000" bgcolor="#FFFFFF"
             type="circle" x="201" y="446" width="8" height="8"/>
    </entry>
    <entry id="125" name="cpd:C00672" type="compound"
        link="http://www.kegg.jp/dbget-bin/www_bget?C00672">
        <graphics name="C00672" fgcolor="#000000" bgcolor="#FFFFFF"
             type="circle" x="465" y="694" width="8" height="8"/>
    </entry>
    <entry id="126" name="cpd:C00577" type="compound"
        link="http://www.kegg.jp/dbget-bin/www_bget?C00577">
        <graphics name="C00577" fgcolor="#000000" bgcolor="#FFFFFF"
             type="circle" x="818" y="155" width="8" height="8"/>
    </entry>
    <entry id="127" name="cpd:C00258" type="compound"
        link="http://www.kegg.jp/dbget-bin/www_bget?C00258">
        <graphics name="C00258" fgcolor="#000000" bgcolor="#FFFFFF"
             type="circle" x="916" y="155" width="8" height="8"/>
    </entry>
    <entry id="128" name="cpd:C00631" type="compound"
        link="http://www.kegg.jp/dbget-bin/www_bget?C00631">
        <graphics name="C00631" fgcolor="#000000" bgcolor="#FFFFFF"
             type="circle" x="1002" y="155" width="8" height="8"/>
    </entry>
    <entry id="129" name="cpd:C00231" type="compound"
        link="http://www.kegg.jp/dbget-bin/www_bget?C00231">
        <graphics name="C00231" fgcolor="#000000" bgcolor="#FFFFFF"
             type="circle" x="422" y="446" width="8" height="8"/>
    </entry>
    <entry id="130" name="cpd:C00231" type="compound"
        link="http://www.kegg.jp/dbget-bin/www_bget?C00231">
        <graphics name="C00231" fgcolor="#000000" bgcolor="#FFFFFF"
             type="circle" x="331" y="638" width="8" height="8"/>
    </entry>
    <entry id="131" name="cpd:C00199" type="compound"
        link="http://www.kegg.jp/dbget-bin/www_bget?C00199">
        <graphics name="C00199" fgcolor="#000000" bgcolor="#FFFFFF"
             type="circle" x="529" y="446" width="8" height="8"/>
    </entry>
    <entry id="132" name="cpd:C06019" type="compound"
        link="http://www.kegg.jp/dbget-bin/www_bget?C06019">
        <graphics name="C06019" fgcolor="#000000" bgcolor="#FFFFFF"
             type="circle" x="365" y="383" width="8" height="8"/>
    </entry>
    <entry id="133" name="ko:K00918" type="ortholog" reaction="rn:R09084"
        link="http://www.kegg.jp/dbget-bin/www_bget?K00918">
        <graphics name="K00918" fgcolor="#000000" bgcolor="#BFBFFF"
             type="rectangle" x="226" y="493" width="46" height="17"/>
    </entry>
    <entry id="135" name="ko:K08093 ko:K13812 ko:K13831" type="ortholog" reaction="rn:R05338"
        link="http://www.kegg.jp/dbget-bin/www_bget?K08093+K13812+K13831">
        <graphics name="K08093..." fgcolor="#000000" bgcolor="#BFBFFF"
             type="rectangle" x="451" y="383" width="46" height="17"/>
    </entry>
    <entry id="137" name="ko:K08094 ko:K13831" type="ortholog" reaction="rn:R09780"
        link="http://www.kegg.jp/dbget-bin/www_bget?K08094+K13831">
        <graphics name="K08094..." fgcolor="#000000" bgcolor="#BFBFFF"
             type="rectangle" x="292" y="384" width="46" height="17"/>
    </entry>
    <entry id="138" name="cpd:C20589" type="compound"
        link="http://www.kegg.jp/dbget-bin/www_bget?C20589">
        <graphics name="C20589" fgcolor="#000000" bgcolor="#FFFFFF"
             type="circle" x="666" y="383" width="8" height="8"/>
    </entry>
    <entry id="140" name="ko:K17468" type="ortholog" reaction="rn:R10408"
        link="http://www.kegg.jp/dbget-bin/www_bget?K17468">
        <graphics name="K17468" fgcolor="#000000" bgcolor="#BFBFFF"
             type="rectangle" x="666" y="357" width="46" height="17"/>
    </entry>
    <entry id="141" name="ko:K17464 ko:K17465 ko:K17466 ko:K17467" type="ortholog" reaction="rn:R10407"
        link="http://www.kegg.jp/dbget-bin/www_bget?K17464+K17465+K17466+K17467">
        <graphics name="K17464..." fgcolor="#000000" bgcolor="#BFBFFF"
             type="rectangle" x="618" y="384" width="46" height="17"/>
    </entry>
    <entry id="142" name="cpd:C03752" type="compound"
        link="http://www.kegg.jp/dbget-bin/www_bget?C03752">
        <graphics name="C03752" fgcolor="#000000" bgcolor="#FFFFFF"
             type="circle" x="666" y="77" width="8" height="8"/>
    </entry>
    <entry id="143" name="ko:K18020 ko:K18021 ko:K18022" type="ortholog" reaction="rn:R10324"
        link="http://www.kegg.jp/dbget-bin/www_bget?K18020+K18021+K18022">
        <graphics name="K18020..." fgcolor="#000000" bgcolor="#BFBFFF"
             type="rectangle" x="867" y="136" width="46" height="17"/>
    </entry>
    <entry id="145" name="cpd:C00197" type="compound"
        link="http://www.kegg.jp/dbget-bin/www_bget?C00197">
        <graphics name="C00197" fgcolor="#000000" bgcolor="#FFFFFF"
             type="circle" x="916" y="320" width="8" height="8"/>
    </entry>
    <entry id="146" name="ko:K00131" type="ortholog" reaction="rn:R01058"
        link="http://www.kegg.jp/dbget-bin/www_bget?K00131">
        <graphics name="K00131" fgcolor="#000000" bgcolor="#BFBFFF"
             type="rectangle" x="867" y="310" width="46" height="17"/>
    </entry>
    <entry id="147" name="ko:K18127" type="ortholog" reaction="rn:R08570"
        link="http://www.kegg.jp/dbget-bin/www_bget?K18127">
        <graphics name="K18127" fgcolor="#000000" bgcolor="#BFBFFF"
             type="rectangle" x="740" y="166" width="46" height="17"/>
    </entry>
    <entry id="149" name="ko:K18124" type="ortholog" reaction="rn:R07147"
        link="http://www.kegg.jp/dbget-bin/www_bget?K18124">
        <graphics name="K18124" fgcolor="#000000" bgcolor="#BFBFFF"
             type="rectangle" x="242" y="193" width="46" height="17"/>
    </entry>
    <entry id="150" name="ko:K18125" type="ortholog" reaction="rn:R07147"
        link="http://www.kegg.jp/dbget-bin/www_bget?K18125">
        <graphics name="K18125" fgcolor="#000000" bgcolor="#BFBFFF"
             type="rectangle" x="290" y="193" width="46" height="17"/>
    </entry>
    <entry id="151" name="ko:K18126" type="ortholog" reaction="rn:R01541"
        link="http://www.kegg.jp/dbget-bin/www_bget?K18126">
        <graphics name="K18126" fgcolor="#000000" bgcolor="#BFBFFF"
             type="rectangle" x="691" y="241" width="46" height="17"/>
    </entry>
    <entry id="152" name="ko:K18128" type="ortholog" reaction="rn:R10615"
        link="http://www.kegg.jp/dbget-bin/www_bget?K18128">
        <graphics name="K18128" fgcolor="#000000" bgcolor="#BFBFFF"
             type="rectangle" x="867" y="155" width="46" height="17"/>
    </entry>
    <entry id="153" name="path:ko00052" type="map"
        link="http://www.kegg.jp/dbget-bin/www_bget?ko00052">
        <graphics name="Galactose metabolism" fgcolor="#000000" bgcolor="#FFFFFF"
             type="roundrectangle" x="819" y="91" width="122" height="25"/>
    </entry>
    <entry id="154" name="path:ko00052" type="map"
        link="http://www.kegg.jp/dbget-bin/www_bget?ko00052">
        <graphics name="Galactose metabolism" fgcolor="#000000" bgcolor="#FFFFFF"
             type="roundrectangle" x="819" y="380" width="122" height="25"/>
    </entry>
    <entry id="155" name="ko:K18978" type="ortholog" reaction="rn:R01058 rn:R10860"
        link="http://www.kegg.jp/dbget-bin/www_bget?K18978">
        <graphics name="K18978" fgcolor="#000000" bgcolor="#BFBFFF"
             type="rectangle" x="867" y="331" width="46" height="17"/>
    </entry>
    <entry id="156" name="ko:K00033" type="ortholog" reaction="rn:R10221"
        link="http://www.kegg.jp/dbget-bin/www_bget?K00033">
        <graphics name="K00033" fgcolor="#000000" bgcolor="#BFBFFF"
             type="rectangle" x="554" y="363" width="46" height="17"/>
    </entry>
    <entry id="157" name="ko:K00036" type="ortholog" reaction="rn:R02736 rn:R10907"
        link="http://www.kegg.jp/dbget-bin/www_bget?K00036">
        <graphics name="K00036" fgcolor="#000000" bgcolor="#BFBFFF"
             type="rectangle" x="255" y="331" width="46" height="17"/>
    </entry>
    <entry id="158" name="ko:K19243" type="ortholog" reaction="rn:R10907"
        link="http://www.kegg.jp/dbget-bin/www_bget?K19243">
        <graphics name="K19243" fgcolor="#000000" bgcolor="#BFBFFF"
             type="rectangle" x="303" y="331" width="46" height="17"/>
    </entry>
    <entry id="160" name="ko:K00895 ko:K21071" type="ortholog" reaction="rn:R02073"
        link="http://www.kegg.jp/dbget-bin/www_bget?K00895+K21071">
        <graphics name="K00895..." fgcolor="#000000" bgcolor="#BFBFFF"
             type="rectangle" x="113" y="493" width="46" height="17"/>
    </entry>
    <relation entry1="63" entry2="64" type="ECrel">
        <subtype name="compound" value="102"/>
    </relation>
    <relation entry1="62" entry2="64" type="ECrel">
        <subtype name="compound" value="102"/>
    </relation>
    <relation entry1="64" entry2="76" type="ECrel">
        <subtype name="compound" value="102"/>
    </relation>
    <relation entry1="62" entry2="63" type="ECrel">
        <subtype name="compound" value="102"/>
    </relation>
    <relation entry1="63" entry2="76" type="ECrel">
        <subtype name="compound" value="102"/>
    </relation>
    <relation entry1="62" entry2="76" type="ECrel">
        <subtype name="compound" value="102"/>
    </relation>
    <relation entry1="60" entry2="63" type="ECrel">
        <subtype name="compound" value="107"/>
    </relation>
    <relation entry1="60" entry2="61" type="ECrel">
        <subtype name="compound" value="109"/>
    </relation>
    <relation entry1="38" entry2="60" type="ECrel">
        <subtype name="compound" value="109"/>
    </relation>
    <relation entry1="38" entry2="61" type="ECrel">
        <subtype name="compound" value="109"/>
    </relation>
    <relation entry1="55" entry2="76" type="ECrel">
        <subtype name="compound" value="123"/>
    </relation>
    <relation entry1="54" entry2="55" type="ECrel">
        <subtype name="compound" value="115"/>
    </relation>
    <relation entry1="56" entry2="57" type="ECrel">
        <subtype name="compound" value="106"/>
    </relation>
    <relation entry1="57" entry2="61" type="ECrel">
        <subtype name="compound" value="106"/>
    </relation>
    <relation entry1="57" entry2="62" type="ECrel">
        <subtype name="compound" value="106"/>
    </relation>
    <relation entry1="54" entry2="57" type="ECrel">
        <subtype name="compound" value="106"/>
    </relation>
    <relation entry1="56" entry2="61" type="ECrel">
        <subtype name="compound" value="106"/>
    </relation>
    <relation entry1="56" entry2="62" type="ECrel">
        <subtype name="compound" value="106"/>
    </relation>
    <relation entry1="54" entry2="56" type="ECrel">
        <subtype name="compound" value="106"/>
    </relation>
    <relation entry1="61" entry2="62" type="ECrel">
        <subtype name="compound" value="106"/>
    </relation>
    <relation entry1="54" entry2="61" type="ECrel">
        <subtype name="compound" value="106"/>
    </relation>
    <relation entry1="54" entry2="62" type="ECrel">
        <subtype name="compound" value="106"/>
    </relation>
    <relation entry1="57" entry2="58" type="ECrel">
        <subtype name="compound" value="122"/>
    </relation>
    <relation entry1="37" entry2="58" type="ECrel">
        <subtype name="compound" value="121"/>
    </relation>
    <relation entry1="64" entry2="66" type="ECrel">
        <subtype name="compound" value="103"/>
    </relation>
    <relation entry1="64" entry2="65" type="ECrel">
        <subtype name="compound" value="103"/>
    </relation>
    <relation entry1="48" entry2="56" type="ECrel">
        <subtype name="compound" value="131"/>
    </relation>
    <relation entry1="47" entry2="56" type="ECrel">
        <subtype name="compound" value="131"/>
    </relation>
    <relation entry1="47" entry2="48" type="ECrel">
        <subtype name="compound" value="131"/>
    </relation>
    <relation entry1="46" entry2="47" type="ECrel">
        <subtype name="compound" value="110"/>
    </relation>
    <relation entry1="45" entry2="47" type="ECrel">
        <subtype name="compound" value="110"/>
    </relation>
    <relation entry1="44" entry2="47" type="ECrel">
        <subtype name="compound" value="110"/>
    </relation>
    <relation entry1="47" entry2="78" type="ECrel">
        <subtype name="compound" value="110"/>
    </relation>
    <relation entry1="43" entry2="47" type="ECrel">
        <subtype name="compound" value="110"/>
    </relation>
    <relation entry1="45" entry2="46" type="ECrel">
        <subtype name="compound" value="110"/>
    </relation>
    <relation entry1="44" entry2="46" type="ECrel">
        <subtype name="compound" value="110"/>
    </relation>
    <relation entry1="46" entry2="78" type="ECrel">
        <subtype name="compound" value="110"/>
    </relation>
    <relation entry1="43" entry2="46" type="ECrel">
        <subtype name="compound" value="110"/>
    </relation>
    <relation entry1="44" entry2="45" type="ECrel">
        <subtype name="compound" value="110"/>
    </relation>
    <relation entry1="45" entry2="78" type="ECrel">
        <subtype name="compound" value="110"/>
    </relation>
    <relation entry1="43" entry2="45" type="ECrel">
        <subtype name="compound" value="110"/>
    </relation>
    <relation entry1="43" entry2="44" type="ECrel">
        <subtype name="compound" value="110"/>
    </relation>
    <relation entry1="43" entry2="78" type="ECrel">
        <subtype name="compound" value="110"/>
    </relation>
    <relation entry1="46" entry2="77" type="ECrel">
        <subtype name="compound" value="116"/>
    </relation>
    <relation entry1="36" entry2="43" type="ECrel">
        <subtype name="compound" value="111"/>
    </relation>
    <relation entry1="49" entry2="77" type="ECrel">
        <subtype name="compound" value="114"/>
    </relation>
    <relation entry1="49" entry2="53" type="ECrel">
        <subtype name="compound" value="124"/>
    </relation>
    <relation entry1="51" entry2="53" type="ECrel">
        <subtype name="compound" value="124"/>
    </relation>
    <relation entry1="52" entry2="53" type="ECrel">
        <subtype name="compound" value="124"/>
    </relation>
    <relation entry1="49" entry2="51" type="ECrel">
        <subtype name="compound" value="124"/>
    </relation>
    <relation entry1="49" entry2="52" type="ECrel">
        <subtype name="compound" value="124"/>
    </relation>
    <relation entry1="50" entry2="51" type="ECrel">
        <subtype name="compound" value="120"/>
    </relation>
    <relation entry1="50" entry2="52" type="ECrel">
        <subtype name="compound" value="120"/>
    </relation>
    <relation entry1="49" entry2="50" type="ECrel">
        <subtype name="compound" value="119"/>
    </relation>
    <relation entry1="42" entry2="50" type="ECrel">
        <subtype name="compound" value="119"/>
    </relation>
    <relation entry1="42" entry2="49" type="ECrel">
        <subtype name="compound" value="119"/>
    </relation>
    <relation entry1="40" entry2="42" type="ECrel">
        <subtype name="compound" value="118"/>
    </relation>
    <relation entry1="41" entry2="42" type="ECrel">
        <subtype name="compound" value="118"/>
    </relation>
    <relation entry1="40" entry2="41" type="ECrel">
        <subtype name="compound" value="118"/>
    </relation>
    <relation entry1="64" entry2="68" type="ECrel">
        <subtype name="compound" value="103"/>
    </relation>
    <relation entry1="38" entry2="39" type="maplink">
        <subtype name="compound" value="100"/>
    </relation>
    <relation entry1="38" entry2="39" type="maplink">
        <subtype name="compound" value="101"/>
    </relation>
    <relation entry1="37" entry2="69" type="maplink">
        <subtype name="compound" value="99"/>
    </relation>
    <relation entry1="53" entry2="69" type="maplink">
        <subtype name="compound" value="99"/>
    </relation>
    <relation entry1="36" entry2="71" type="maplink">
        <subtype name="compound" value="111"/>
    </relation>
    <relation entry1="36" entry2="74" type="maplink">
        <subtype name="compound" value="111"/>
    </relation>
    <relation entry1="36" entry2="73" type="maplink">
        <subtype name="compound" value="111"/>
    </relation>
    <relation entry1="43" entry2="71" type="maplink">
        <subtype name="compound" value="111"/>
    </relation>
    <relation entry1="43" entry2="74" type="maplink">
        <subtype name="compound" value="111"/>
    </relation>
    <relation entry1="43" entry2="73" type="maplink">
        <subtype name="compound" value="111"/>
    </relation>
    <relation entry1="71" entry2="74" type="maplink">
        <subtype name="compound" value="111"/>
    </relation>
    <relation entry1="71" entry2="73" type="maplink">
        <subtype name="compound" value="111"/>
    </relation>
    <relation entry1="73" entry2="74" type="maplink">
        <subtype name="compound" value="111"/>
    </relation>
    <relation entry1="50" entry2="69" type="maplink">
        <subtype name="compound" value="119"/>
    </relation>
    <relation entry1="49" entry2="69" type="maplink">
        <subtype name="compound" value="119"/>
    </relation>
    <relation entry1="42" entry2="69" type="maplink">
        <subtype name="compound" value="119"/>
    </relation>
    <relation entry1="86" entry2="88" type="ECrel">
        <subtype name="compound" value="127"/>
    </relation>
    <relation entry1="88" entry2="39" type="maplink">
        <subtype name="compound" value="128"/>
    </relation>
    <relation entry1="84" entry2="86" type="ECrel">
        <subtype name="compound" value="126"/>
    </relation>
    <relation entry1="63" entry2="84" type="ECrel">
        <subtype name="compound" value="107"/>
    </relation>
    <relation entry1="63" entry2="89" type="maplink">
        <subtype name="compound" value="107"/>
    </relation>
    <relation entry1="60" entry2="84" type="ECrel">
        <subtype name="compound" value="107"/>
    </relation>
    <relation entry1="60" entry2="89" type="maplink">
        <subtype name="compound" value="107"/>
    </relation>
    <relation entry1="84" entry2="89" type="maplink">
        <subtype name="compound" value="107"/>
    </relation>
    <relation entry1="64" entry2="95" type="ECrel">
        <subtype name="compound" value="102"/>
    </relation>
    <relation entry1="63" entry2="95" type="ECrel">
        <subtype name="compound" value="102"/>
    </relation>
    <relation entry1="62" entry2="95" type="ECrel">
        <subtype name="compound" value="102"/>
    </relation>
    <relation entry1="95" entry2="55" type="ECrel">
        <subtype name="compound" value="123"/>
    </relation>
    <relation entry1="69" entry2="66" type="maplink">
        <subtype name="compound" value="104"/>
    </relation>
    <relation entry1="69" entry2="65" type="maplink">
        <subtype name="compound" value="104"/>
    </relation>
    <relation entry1="69" entry2="68" type="maplink">
        <subtype name="compound" value="105"/>
    </relation>
    <relation entry1="61" entry2="91" type="ECrel">
        <subtype name="compound" value="109"/>
    </relation>
    <relation entry1="60" entry2="91" type="ECrel">
        <subtype name="compound" value="109"/>
    </relation>
    <relation entry1="91" entry2="39" type="maplink">
        <subtype name="compound" value="100"/>
    </relation>
    <relation entry1="38" entry2="84" type="ECrel">
        <subtype name="compound" value="101"/>
    </relation>
    <relation entry1="91" entry2="39" type="maplink">
        <subtype name="compound" value="101"/>
    </relation>
    <relation entry1="84" entry2="39" type="maplink">
        <subtype name="compound" value="101"/>
    </relation>
    <relation entry1="52" entry2="77" type="ECrel">
        <subtype name="compound" value="124"/>
    </relation>
    <relation entry1="51" entry2="77" type="ECrel">
        <subtype name="compound" value="124"/>
    </relation>
    <relation entry1="49" entry2="77" type="ECrel">
        <subtype name="compound" value="124"/>
    </relation>
    <relation entry1="53" entry2="77" type="ECrel">
        <subtype name="compound" value="124"/>
    </relation>
    <relation entry1="49" entry2="48" type="ECrel">
        <subtype name="compound" value="129"/>
    </relation>
    <relation entry1="48" entry2="46" type="ECrel">
        <subtype name="compound" value="129"/>
    </relation>
    <relation entry1="50" entry2="93" type="ECrel">
        <subtype name="compound" value="119"/>
    </relation>
    <relation entry1="50" entry2="46" type="ECrel">
        <subtype name="compound" value="119"/>
    </relation>
    <relation entry1="50" entry2="77" type="ECrel">
        <subtype name="compound" value="119"/>
    </relation>
    <relation entry1="93" entry2="42" type="ECrel">
        <subtype name="compound" value="119"/>
    </relation>
    <relation entry1="93" entry2="69" type="maplink">
        <subtype name="compound" value="119"/>
    </relation>
    <relation entry1="93" entry2="46" type="ECrel">
        <subtype name="compound" value="119"/>
    </relation>
    <relation entry1="93" entry2="77" type="ECrel">
        <subtype name="compound" value="119"/>
    </relation>
    <relation entry1="93" entry2="49" type="ECrel">
        <subtype name="compound" value="119"/>
    </relation>
    <relation entry1="42" entry2="46" type="ECrel">
        <subtype name="compound" value="119"/>
    </relation>
    <relation entry1="42" entry2="77" type="ECrel">
        <subtype name="compound" value="119"/>
    </relation>
    <relation entry1="69" entry2="46" type="maplink">
        <subtype name="compound" value="119"/>
    </relation>
    <relation entry1="69" entry2="77" type="maplink">
        <subtype name="compound" value="119"/>
    </relation>
    <relation entry1="46" entry2="77" type="ECrel">
        <subtype name="compound" value="119"/>
    </relation>
    <relation entry1="77" entry2="49" type="ECrel">
        <subtype name="compound" value="119"/>
    </relation>
    <relation entry1="57" entry2="97" type="ECrel">
        <subtype name="compound" value="106"/>
    </relation>
    <relation entry1="97" entry2="54" type="ECrel">
        <subtype name="compound" value="106"/>
    </relation>
    <relation entry1="97" entry2="62" type="ECrel">
        <subtype name="compound" value="106"/>
    </relation>
    <relation entry1="97" entry2="61" type="ECrel">
        <subtype name="compound" value="106"/>
    </relation>
    <relation entry1="97" entry2="56" type="ECrel">
        <subtype name="compound" value="106"/>
    </relation>
    <relation entry1="37" entry2="97" type="ECrel">
        <subtype name="compound" value="121"/>
    </relation>
    <relation entry1="58" entry2="97" type="ECrel">
        <subtype name="compound" value="121"/>
    </relation>
    <relation entry1="53" entry2="137" type="ECrel">
        <subtype name="compound" value="124"/>
    </relation>
    <relation entry1="53" entry2="133" type="ECrel">
        <subtype name="compound" value="124"/>
    </relation>
    <relation entry1="137" entry2="49" type="ECrel">
        <subtype name="compound" value="124"/>
    </relation>
    <relation entry1="137" entry2="133" type="ECrel">
        <subtype name="compound" value="124"/>
    </relation>
    <relation entry1="137" entry2="51" type="ECrel">
        <subtype name="compound" value="124"/>
    </relation>
    <relation entry1="137" entry2="52" type="ECrel">
        <subtype name="compound" value="124"/>
    </relation>
    <relation entry1="49" entry2="133" type="ECrel">
        <subtype name="compound" value="124"/>
    </relation>
    <relation entry1="137" entry2="135" type="ECrel">
        <subtype name="compound" value="132"/>
    </relation>
    <relation entry1="56" entry2="135" type="ECrel">
        <subtype name="compound" value="131"/>
    </relation>
    <relation entry1="56" entry2="70" type="maplink">
        <subtype name="compound" value="131"/>
    </relation>
    <relation entry1="135" entry2="48" type="ECrel">
        <subtype name="compound" value="131"/>
    </relation>
    <relation entry1="135" entry2="47" type="ECrel">
        <subtype name="compound" value="131"/>
    </relation>
    <relation entry1="135" entry2="70" type="maplink">
        <subtype name="compound" value="131"/>
    </relation>
    <relation entry1="48" entry2="70" type="maplink">
        <subtype name="compound" value="131"/>
    </relation>
    <relation entry1="47" entry2="70" type="maplink">
        <subtype name="compound" value="131"/>
    </relation>
    <relation entry1="58" entry2="69" type="maplink">
        <subtype name="compound" value="121"/>
    </relation>
    <relation entry1="61" entry2="140" type="ECrel">
        <subtype name="compound" value="109"/>
    </relation>
    <relation entry1="38" entry2="140" type="ECrel">
        <subtype name="compound" value="109"/>
    </relation>
    <relation entry1="91" entry2="140" type="ECrel">
        <subtype name="compound" value="109"/>
    </relation>
    <relation entry1="60" entry2="140" type="ECrel">
        <subtype name="compound" value="109"/>
    </relation>
    <relation entry1="140" entry2="141" type="ECrel">
        <subtype name="compound" value="138"/>
    </relation>
    <relation entry1="69" entry2="150" type="maplink">
        <subtype name="compound" value="104"/>
    </relation>
    <relation entry1="69" entry2="149" type="maplink">
        <subtype name="compound" value="104"/>
    </relation>
    <relation entry1="150" entry2="64" type="ECrel">
        <subtype name="compound" value="103"/>
    </relation>
    <relation entry1="149" entry2="64" type="ECrel">
        <subtype name="compound" value="103"/>
    </relation>
    <relation entry1="63" entry2="147" type="ECrel">
        <subtype name="compound" value="107"/>
    </relation>
    <relation entry1="63" entry2="151" type="ECrel">
        <subtype name="compound" value="107"/>
    </relation>
    <relation entry1="84" entry2="151" type="ECrel">
        <subtype name="compound" value="107"/>
    </relation>
    <relation entry1="147" entry2="151" type="ECrel">
        <subtype name="compound" value="107"/>
    </relation>
    <relation entry1="147" entry2="60" type="ECrel">
        <subtype name="compound" value="107"/>
    </relation>
    <relation entry1="147" entry2="89" type="maplink">
        <subtype name="compound" value="107"/>
    </relation>
    <relation entry1="151" entry2="89" type="maplink">
        <subtype name="compound" value="107"/>
    </relation>
    <relation entry1="151" entry2="38" type="ECrel">
        <subtype name="compound" value="109"/>
    </relation>
    <relation entry1="151" entry2="91" type="ECrel">
        <subtype name="compound" value="109"/>
    </relation>
    <relation entry1="151" entry2="140" type="ECrel">
        <subtype name="compound" value="109"/>
    </relation>
    <relation entry1="151" entry2="61" type="ECrel">
        <subtype name="compound" value="109"/>
    </relation>
    <relation entry1="84" entry2="91" type="ECrel">
        <subtype name="compound" value="101"/>
    </relation>
    <relation entry1="147" entry2="38" type="ECrel">
        <subtype name="compound" value="101"/>
    </relation>
    <relation entry1="147" entry2="91" type="ECrel">
        <subtype name="compound" value="101"/>
    </relation>
    <relation entry1="147" entry2="39" type="maplink">
        <subtype name="compound" value="101"/>
    </relation>
    <relation entry1="84" entry2="143" type="ECrel">
        <subtype name="compound" value="126"/>
    </relation>
    <relation entry1="147" entry2="86" type="ECrel">
        <subtype name="compound" value="126"/>
    </relation>
    <relation entry1="147" entry2="143" type="ECrel">
        <subtype name="compound" value="126"/>
    </relation>
    <relation entry1="38" entry2="146" type="ECrel">
        <subtype name="compound" value="100"/>
    </relation>
    <relation entry1="91" entry2="146" type="ECrel">
        <subtype name="compound" value="100"/>
    </relation>
    <relation entry1="146" entry2="39" type="maplink">
        <subtype name="compound" value="145"/>
    </relation>
    <relation entry1="143" entry2="88" type="ECrel">
        <subtype name="compound" value="127"/>
    </relation>
    <relation entry1="84" entry2="152" type="ECrel">
        <subtype name="compound" value="126"/>
    </relation>
    <relation entry1="147" entry2="152" type="ECrel">
        <subtype name="compound" value="126"/>
    </relation>
    <relation entry1="152" entry2="88" type="ECrel">
        <subtype name="compound" value="127"/>
    </relation>
    <relation entry1="84" entry2="153" type="maplink">
        <subtype name="compound" value="126"/>
    </relation>
    <relation entry1="147" entry2="153" type="maplink">
        <subtype name="compound" value="126"/>
    </relation>
    <relation entry1="86" entry2="153" type="maplink">
        <subtype name="compound" value="126"/>
    </relation>
    <relation entry1="152" entry2="153" type="maplink">
        <subtype name="compound" value="126"/>
    </relation>
    <relation entry1="143" entry2="153" type="maplink">
        <subtype name="compound" value="126"/>
    </relation>
    <relation entry1="91" entry2="154" type="maplink">
        <subtype name="compound" value="100"/>
    </relation>
    <relation entry1="38" entry2="154" type="maplink">
        <subtype name="compound" value="100"/>
    </relation>
    <relation entry1="154" entry2="146" type="maplink">
        <subtype name="compound" value="100"/>
    </relation>
    <relation entry1="38" entry2="155" type="ECrel">
        <subtype name="compound" value="100"/>
    </relation>
    <relation entry1="91" entry2="155" type="ECrel">
        <subtype name="compound" value="100"/>
    </relation>
    <relation entry1="154" entry2="155" type="maplink">
        <subtype name="compound" value="100"/>
    </relation>
    <relation entry1="155" entry2="39" type="maplink">
        <subtype name="compound" value="145"/>
    </relation>
    <relation entry1="57" entry2="156" type="ECrel">
        <subtype name="compound" value="106"/>
    </relation>
    <relation entry1="156" entry2="61" type="ECrel">
        <subtype name="compound" value="106"/>
    </relation>
    <relation entry1="156" entry2="62" type="ECrel">
        <subtype name="compound" value="106"/>
    </relation>
    <relation entry1="156" entry2="54" type="ECrel">
        <subtype name="compound" value="106"/>
    </relation>
    <relation entry1="156" entry2="97" type="ECrel">
        <subtype name="compound" value="106"/>
    </relation>
    <relation entry1="47" entry2="156" type="ECrel">
        <subtype name="compound" value="131"/>
    </relation>
    <relation entry1="48" entry2="156" type="ECrel">
        <subtype name="compound" value="131"/>
    </relation>
    <relation entry1="135" entry2="156" type="ECrel">
        <subtype name="compound" value="131"/>
    </relation>
    <relation entry1="156" entry2="70" type="maplink">
        <subtype name="compound" value="131"/>
    </relation>
    <relation entry1="37" entry2="157" type="ECrel">
        <subtype name="compound" value="121"/>
    </relation>
    <relation entry1="157" entry2="97" type="ECrel">
        <subtype name="compound" value="121"/>
    </relation>
    <relation entry1="157" entry2="69" type="maplink">
        <subtype name="compound" value="121"/>
    </relation>
    <relation entry1="157" entry2="57" type="ECrel">
        <subtype name="compound" value="122"/>
    </relation>
    <relation entry1="158" entry2="37" type="ECrel">
        <subtype name="compound" value="121"/>
    </relation>
    <relation entry1="158" entry2="97" type="ECrel">
        <subtype name="compound" value="121"/>
    </relation>
    <relation entry1="158" entry2="69" type="maplink">
        <subtype name="compound" value="121"/>
    </relation>
    <relation entry1="37" entry2="69" type="maplink">
        <subtype name="compound" value="121"/>
    </relation>
    <relation entry1="97" entry2="69" type="maplink">
        <subtype name="compound" value="121"/>
    </relation>
    <relation entry1="158" entry2="57" type="ECrel">
        <subtype name="compound" value="122"/>
    </relation>
    <relation entry1="53" entry2="160" type="ECrel">
        <subtype name="compound" value="124"/>
    </relation>
    <relation entry1="160" entry2="49" type="ECrel">
        <subtype name="compound" value="124"/>
    </relation>
    <relation entry1="160" entry2="137" type="ECrel">
        <subtype name="compound" value="124"/>
    </relation>
    <relation entry1="160" entry2="50" type="ECrel">
        <subtype name="compound" value="120"/>
    </relation>
    <relation entry1="133" entry2="50" type="ECrel">
        <subtype name="compound" value="120"/>
    </relation>
    <relation entry1="77" entry2="133" type="ECrel">
        <subtype name="compound" value="124"/>
    </relation>
    <relation entry1="77" entry2="160" type="ECrel">
        <subtype name="compound" value="124"/>
    </relation>
    <reaction id="36" name="rn:R06836" type="irreversible">
        <substrate id="98" name="cpd:C01151"/>
        <product id="111" name="cpd:C00119"/>
    </reaction>
    <reaction id="37" name="rn:R02739" type="reversible">
        <substrate id="99" name="cpd:C00668"/>
        <product id="121" name="cpd:C01172"/>
    </reaction>
    <reaction id="38" name="rn:R05605" type="reversible">
        <substrate id="109" name="cpd:C04442"/>
        <product id="101" name="cpd:C00022"/>
        <product id="100" name="cpd:C00118"/>
    </reaction>
    <reaction id="40" name="rn:R02750" type="reversible">
        <substrate id="117" name="cpd:C01801"/>
        <product id="118" name="cpd:C00673"/>
    </reaction>
    <reaction id="41" name="rn:R02749" type="reversible">
        <substrate id="125" name="cpd:C00672"/>
        <product id="118" name="cpd:C00673"/>
    </reaction>
    <reaction id="42" name="rn:R01066" type="reversible">
        <substrate id="118" name="cpd:C00673"/>
        <product id="119" name="cpd:C00118"/>
    </reaction>
    <reaction id="43" name="rn:R01049" type="reversible">
        <substrate id="110" name="cpd:C00117"/>
        <product id="111" name="cpd:C00119"/>
    </reaction>
    <reaction id="44" name="rn:R01057" type="reversible">
        <substrate id="112" name="cpd:C00620"/>
        <product id="110" name="cpd:C00117"/>
    </reaction>
    <reaction id="45" name="rn:R01051" type="reversible">
        <substrate id="113" name="cpd:C00121"/>
        <product id="110" name="cpd:C00117"/>
    </reaction>
    <reaction id="46" name="rn:R01641" type="reversible">
        <substrate id="116" name="cpd:C05382"/>
        <substrate id="119" name="cpd:C00118"/>
        <product id="110" name="cpd:C00117"/>
        <product id="129" name="cpd:C00231"/>
    </reaction>
    <reaction id="47" name="rn:R01056" type="reversible">
        <substrate id="110" name="cpd:C00117"/>
        <product id="131" name="cpd:C00199"/>
    </reaction>
    <reaction id="48" name="rn:R01529" type="reversible">
        <substrate id="131" name="cpd:C00199"/>
        <product id="129" name="cpd:C00231"/>
    </reaction>
    <reaction id="49" name="rn:R01830" type="reversible">
        <substrate id="119" name="cpd:C00118"/>
        <substrate id="124" name="cpd:C05345"/>
        <product id="114" name="cpd:C00279"/>
        <product id="129" name="cpd:C00231"/>
    </reaction>
    <reaction id="50" name="rn:R01070" type="reversible">
        <substrate id="120" name="cpd:C05378"/>
        <product id="119" name="cpd:C00118"/>
    </reaction>
    <reaction id="51" name="rn:R04779" type="irreversible">
        <substrate id="124" name="cpd:C05345"/>
        <product id="120" name="cpd:C05378"/>
    </reaction>
    <reaction id="52" name="rn:R04780" type="irreversible">
        <substrate id="120" name="cpd:C05378"/>
        <product id="124" name="cpd:C05345"/>
    </reaction>
    <reaction id="53" name="rn:R02740" type="reversible">
        <substrate id="99" name="cpd:C00668"/>
        <product id="124" name="cpd:C05345"/>
    </reaction>
    <reaction id="54" name="rn:R02032 rn:R02034" type="irreversible">
        <substrate id="106" name="cpd:C00345"/>
        <product id="115" name="cpd:C01218"/>
    </reaction>
    <reaction id="55" name="rn:R02658" type="irreversible">
        <substrate id="123" name="cpd:C06473"/>
        <product id="115" name="cpd:C01218"/>
    </reaction>
    <reaction id="56" name="rn:R01528" type="irreversible">
        <substrate id="106" name="cpd:C00345"/>
        <product id="131" name="cpd:C00199"/>
    </reaction>
    <reaction id="57" name="rn:R02035" type="irreversible">
        <substrate id="122" name="cpd:C01236"/>
        <product id="106" name="cpd:C00345"/>
    </reaction>
    <reaction id="58" name="rn:R02736" type="irreversible">
        <substrate id="121" name="cpd:C01172"/>
        <product id="122" name="cpd:C01236"/>
    </reaction>
    <reaction id="60" name="rn:R01541" type="irreversible">
        <substrate id="107" name="cpd:C00204"/>
        <product id="109" name="cpd:C04442"/>
    </reaction>
    <reaction id="61" name="rn:R02036" type="irreversible">
        <substrate id="106" name="cpd:C00345"/>
        <product id="109" name="cpd:C04442"/>
    </reaction>
    <reaction id="62" name="rn:R01737" type="irreversible">
        <substrate id="102" name="cpd:C00257"/>
        <product id="106" name="cpd:C00345"/>
    </reaction>
    <reaction id="63" name="rn:R01538" type="irreversible">
        <substrate id="102" name="cpd:C00257"/>
        <product id="107" name="cpd:C00204"/>
    </reaction>
    <reaction id="64" name="rn:R01519" type="irreversible">
        <substrate id="103" name="cpd:C00198"/>
        <product id="102" name="cpd:C00257"/>
    </reaction>
    <reaction id="65" name="rn:R06620" type="irreversible">
        <substrate id="104" name="cpd:C00031"/>
        <product id="103" name="cpd:C00198"/>
    </reaction>
    <reaction id="66" name="rn:R00305" type="irreversible">
        <substrate id="104" name="cpd:C00031"/>
        <product id="103" name="cpd:C00198"/>
    </reaction>
    <reaction id="68" name="rn:R01520 rn:R01521" type="reversible">
        <substrate id="105" name="cpd:C00221"/>
        <product id="103" name="cpd:C00198"/>
    </reaction>
    <reaction id="76" name="rn:R01741" type="irreversible">
        <substrate id="102" name="cpd:C00257"/>
        <product id="123" name="cpd:C06473"/>
    </reaction>
    <reaction id="77" name="rn:R01827" type="reversible">
        <substrate id="116" name="cpd:C05382"/>
        <substrate id="119" name="cpd:C00118"/>
        <product id="114" name="cpd:C00279"/>
        <product id="124" name="cpd:C05345"/>
    </reaction>
    <reaction id="78" name="rn:R01057" type="reversible">
        <substrate id="112" name="cpd:C00620"/>
        <product id="110" name="cpd:C00117"/>
    </reaction>
    <reaction id="84" name="rn:R08570" type="reversible">
        <substrate id="107" name="cpd:C00204"/>
        <product id="101" name="cpd:C00022"/>
        <product id="126" name="cpd:C00577"/>
    </reaction>
    <reaction id="86" name="rn:R08571" type="irreversible">
        <substrate id="126" name="cpd:C00577"/>
        <product id="127" name="cpd:C00258"/>
    </reaction>
    <reaction id="88" name="rn:R08572" type="irreversible">
        <substrate id="127" name="cpd:C00258"/>
        <product id="128" name="cpd:C00631"/>
    </reaction>
    <reaction id="91" name="rn:R05605" type="reversible">
        <substrate id="109" name="cpd:C04442"/>
        <product id="101" name="cpd:C00022"/>
        <product id="100" name="cpd:C00118"/>
    </reaction>
    <reaction id="95" name="rn:R01739" type="reversible">
        <substrate id="102" name="cpd:C00257"/>
        <product id="123" name="cpd:C06473"/>
    </reaction>
    <reaction id="93" name="rn:R01621" type="irreversible">
        <substrate id="130" name="cpd:C00231"/>
        <product id="119" name="cpd:C00118"/>
    </reaction>
    <reaction id="97" name="rn:R02736 rn:R02035" type="irreversible">
        <substrate id="121" name="cpd:C01172"/>
        <product id="106" name="cpd:C00345"/>
    </reaction>
    <reaction id="135" name="rn:R05338" type="reversible">
        <substrate id="131" name="cpd:C00199"/>
        <product id="132" name="cpd:C06019"/>
    </reaction>
    <reaction id="133" name="rn:R09084" type="irreversible">
        <substrate id="124" name="cpd:C05345"/>
        <product id="120" name="cpd:C05378"/>
    </reaction>
    <reaction id="137" name="rn:R09780" type="reversible">
        <substrate id="132" name="cpd:C06019"/>
        <product id="124" name="cpd:C05345"/>
    </reaction>
    <reaction id="140" name="rn:R10408" type="irreversible">
        <substrate id="138" name="cpd:C20589"/>
        <product id="109" name="cpd:C04442"/>
    </reaction>
    <reaction id="141" name="rn:R10407" type="irreversible">
        <substrate id="108" name="cpd:C03752"/>
        <product id="138" name="cpd:C20589"/>
    </reaction>
    <reaction id="143" name="rn:R10324" type="irreversible">
        <substrate id="126" name="cpd:C00577"/>
        <product id="127" name="cpd:C00258"/>
    </reaction>
    <reaction id="146" name="rn:R01058" type="irreversible">
        <substrate id="100" name="cpd:C00118"/>
        <product id="145" name="cpd:C00197"/>
    </reaction>
    <reaction id="147" name="rn:R08570" type="reversible">
        <substrate id="107" name="cpd:C00204"/>
        <product id="101" name="cpd:C00022"/>
        <product id="126" name="cpd:C00577"/>
    </reaction>
    <reaction id="149" name="rn:R07147" type="irreversible">
        <substrate id="104" name="cpd:C00031"/>
        <product id="103" name="cpd:C00198"/>
    </reaction>
    <reaction id="150" name="rn:R07147" type="irreversible">
        <substrate id="104" name="cpd:C00031"/>
        <product id="103" name="cpd:C00198"/>
    </reaction>
    <reaction id="151" name="rn:R01541" type="irreversible">
        <substrate id="107" name="cpd:C00204"/>
        <product id="109" name="cpd:C04442"/>
    </reaction>
    <reaction id="152" name="rn:R10615" type="irreversible">
        <substrate id="126" name="cpd:C00577"/>
        <product id="127" name="cpd:C00258"/>
    </reaction>
    <reaction id="155" name="rn:R01058 rn:R10860" type="irreversible">
        <substrate id="100" name="cpd:C00118"/>
        <product id="145" name="cpd:C00197"/>
    </reaction>
    <reaction id="156" name="rn:R10221" type="irreversible">
        <substrate id="106" name="cpd:C00345"/>
        <product id="131" name="cpd:C00199"/>
    </reaction>
    <reaction id="157" name="rn:R02736 rn:R10907" type="irreversible">
        <substrate id="121" name="cpd:C01172"/>
        <product id="122" name="cpd:C01236"/>
    </reaction>
    <reaction id="158" name="rn:R10907" type="irreversible">
        <substrate id="121" name="cpd:C01172"/>
        <product id="122" name="cpd:C01236"/>
    </reaction>
    <reaction id="160" name="rn:R02073" type="reversible">
        <substrate id="124" name="cpd:C05345"/>
        <product id="120" name="cpd:C05378"/>
    </reaction>
</pathway>
