<?xml version="1.0"?>
<!DOCTYPE pathway SYSTEM "http://www.kegg.jp/kegg/xml/KGML_v0.7.2_.dtd">
<!-- Creation date: Oct 23, 2015 10:33:05 +0900 (GMT+9) -->
<pathway name="path:ko04972" org="ko" number="04972"
         title="Pancreatic secretion"
         image="http://www.kegg.jp/kegg/pathway/ko/ko04972.png"
         link="http://www.kegg.jp/kegg-bin/show_pathway?ko04972">
    <entry id="1" name="path:ko04972" type="map"
        link="http://www.kegg.jp/dbget-bin/www_bget?ko04972">
        <graphics name="TITLE:Pancreatic secretion" fgcolor="#000000" bgcolor="#FFFFFF"
             type="roundrectangle" x="141" y="58" width="201" height="25"/>
    </entry>
    <entry id="2" name="path:ko04530" type="map"
        link="http://www.kegg.jp/dbget-bin/www_bget?ko04530">
        <graphics name="Tight junction" fgcolor="#000000" bgcolor="#FFFFFF"
             type="roundrectangle" x="670" y="152" width="115" height="25"/>
    </entry>
    <entry id="3" name="cpd:C01330" type="compound"
        link="http://www.kegg.jp/dbget-bin/www_bget?C01330">
        <graphics name="C01330" fgcolor="#000000" bgcolor="#FFFFFF"
             type="circle" x="109" y="417" width="8" height="8"/>
    </entry>
    <entry id="4" name="cpd:C00698" type="compound"
        link="http://www.kegg.jp/dbget-bin/www_bget?C00698">
        <graphics name="C00698" fgcolor="#000000" bgcolor="#FFFFFF"
             type="circle" x="109" y="395" width="8" height="8"/>
    </entry>
    <entry id="5" name="cpd:C00238" type="compound"
        link="http://www.kegg.jp/dbget-bin/www_bget?C00238">
        <graphics name="C00238" fgcolor="#000000" bgcolor="#FFFFFF"
             type="circle" x="109" y="375" width="8" height="8"/>
    </entry>
    <entry id="6" name="cpd:C01330" type="compound"
        link="http://www.kegg.jp/dbget-bin/www_bget?C01330">
        <graphics name="C01330" fgcolor="#000000" bgcolor="#FFFFFF"
             type="circle" x="162" y="696" width="8" height="8"/>
    </entry>
    <entry id="7" name="ko:K04194" type="ortholog"
        link="http://www.kegg.jp/dbget-bin/www_bget?K04194">
        <graphics name="K04194" fgcolor="#000000" bgcolor="#BFBFFF"
             type="rectangle" x="199" y="333" width="46" height="17"/>
    </entry>
    <entry id="8" name="ko:K04131" type="ortholog"
        link="http://www.kegg.jp/dbget-bin/www_bget?K04131">
        <graphics name="K04131" fgcolor="#000000" bgcolor="#BFBFFF"
             type="rectangle" x="199" y="292" width="46" height="17"/>
    </entry>
    <entry id="9" name="ko:K10951" type="ortholog"
        link="http://www.kegg.jp/dbget-bin/www_bget?K10951">
        <graphics name="K10951" fgcolor="#000000" bgcolor="#BFBFFF"
             type="rectangle" x="199" y="399" width="46" height="17"/>
    </entry>
    <entry id="10" name="ko:K04634" type="ortholog"
        link="http://www.kegg.jp/dbget-bin/www_bget?K04634">
        <graphics name="K04634" fgcolor="#000000" bgcolor="#BFBFFF"
             type="rectangle" x="294" y="293" width="46" height="17"/>
    </entry>
    <entry id="11" name="ko:K05858" type="ortholog"
        link="http://www.kegg.jp/dbget-bin/www_bget?K05858">
        <graphics name="K05858" fgcolor="#000000" bgcolor="#BFBFFF"
             type="rectangle" x="367" y="292" width="46" height="17"/>
    </entry>
    <entry id="12" name="ko:K04958 ko:K04959 ko:K04960" type="ortholog"
        link="http://www.kegg.jp/dbget-bin/www_bget?K04958+K04959+K04960">
        <graphics name="K04958..." fgcolor="#000000" bgcolor="#BFBFFF"
             type="rectangle" x="525" y="475" width="46" height="17"/>
    </entry>
    <entry id="13" name="cpd:C01245" type="compound"
        link="http://www.kegg.jp/dbget-bin/www_bget?C01245">
        <graphics name="C01245" fgcolor="#000000" bgcolor="#FFFFFF"
             type="circle" x="418" y="364" width="8" height="8"/>
    </entry>
    <entry id="14" name="cpd:C00076" type="compound"
        link="http://www.kegg.jp/dbget-bin/www_bget?C00076">
        <graphics name="C00076" fgcolor="#000000" bgcolor="#FFFFFF"
             type="circle" x="415" y="482" width="8" height="8"/>
    </entry>
    <entry id="15" name="ko:K05850" type="ortholog"
        link="http://www.kegg.jp/dbget-bin/www_bget?K05850">
        <graphics name="K05850" fgcolor="#000000" bgcolor="#BFBFFF"
             type="rectangle" x="199" y="531" width="46" height="17"/>
    </entry>
    <entry id="16" name="cpd:C00076" type="compound"
        link="http://www.kegg.jp/dbget-bin/www_bget?C00076">
        <graphics name="C00076" fgcolor="#000000" bgcolor="#FFFFFF"
             type="circle" x="249" y="530" width="8" height="8"/>
    </entry>
    <entry id="17" name="cpd:C00165" type="compound"
        link="http://www.kegg.jp/dbget-bin/www_bget?C00165">
        <graphics name="C00165" fgcolor="#000000" bgcolor="#FFFFFF"
             type="circle" x="400" y="253" width="8" height="8"/>
    </entry>
    <entry id="18" name="ko:K02677 ko:K19662 ko:K19663" type="ortholog"
        link="http://www.kegg.jp/dbget-bin/www_bget?K02677+K19662+K19663">
        <graphics name="K02677..." fgcolor="#000000" bgcolor="#BFBFFF"
             type="rectangle" x="479" y="257" width="46" height="17"/>
    </entry>
    <entry id="19" name="cpd:C16114" type="compound"
        link="http://www.kegg.jp/dbget-bin/www_bget?C16114">
        <graphics name="C16114" fgcolor="#000000" bgcolor="#FFFFFF"
             type="circle" x="131" y="331" width="8" height="8"/>
    </entry>
    <entry id="20" name="cpd:C01996" type="compound"
        link="http://www.kegg.jp/dbget-bin/www_bget?C01996">
        <graphics name="C01996" fgcolor="#000000" bgcolor="#FFFFFF"
             type="circle" x="131" y="291" width="8" height="8"/>
    </entry>
    <entry id="21" name="ko:K04926" type="ortholog"
        link="http://www.kegg.jp/dbget-bin/www_bget?K04926">
        <graphics name="K04926" fgcolor="#000000" bgcolor="#BFBFFF"
             type="rectangle" x="199" y="463" width="46" height="17"/>
    </entry>
    <entry id="22" name="cpd:C00238" type="compound"
        link="http://www.kegg.jp/dbget-bin/www_bget?C00238">
        <graphics name="C00238" fgcolor="#000000" bgcolor="#FFFFFF"
             type="circle" x="262" y="463" width="8" height="8"/>
    </entry>
    <entry id="23" name="ko:K04936" type="ortholog"
        link="http://www.kegg.jp/dbget-bin/www_bget?K04936">
        <graphics name="K04936" fgcolor="#000000" bgcolor="#BFBFFF"
             type="rectangle" x="199" y="500" width="46" height="17"/>
    </entry>
    <entry id="24" name="cpd:C00238" type="compound"
        link="http://www.kegg.jp/dbget-bin/www_bget?C00238">
        <graphics name="C00238" fgcolor="#000000" bgcolor="#FFFFFF"
             type="circle" x="263" y="500" width="8" height="8"/>
    </entry>
    <entry id="25" name="path:ko04020" type="map"
        link="http://www.kegg.jp/dbget-bin/www_bget?ko04020">
        <graphics name="Calcium signaling pathway" fgcolor="#000000" bgcolor="#FFFFFF"
             type="roundrectangle" x="375" y="409" width="107" height="34"/>
    </entry>
    <entry id="26" name="ko:K01539 ko:K01540 ko:K01538" type="ortholog"
        link="http://www.kegg.jp/dbget-bin/www_bget?K01539+K01540+K01538">
        <graphics name="K01539..." fgcolor="#000000" bgcolor="#BFBFFF"
             type="rectangle" x="199" y="430" width="46" height="17"/>
    </entry>
    <entry id="27" name="cpd:C01330" type="compound"
        link="http://www.kegg.jp/dbget-bin/www_bget?C01330">
        <graphics name="C01330" fgcolor="#000000" bgcolor="#FFFFFF"
             type="circle" x="262" y="435" width="8" height="8"/>
    </entry>
    <entry id="28" name="cpd:C00238" type="compound"
        link="http://www.kegg.jp/dbget-bin/www_bget?C00238">
        <graphics name="C00238" fgcolor="#000000" bgcolor="#FFFFFF"
             type="circle" x="147" y="426" width="8" height="8"/>
    </entry>
    <entry id="29" name="ko:K05742" type="ortholog"
        link="http://www.kegg.jp/dbget-bin/www_bget?K05742">
        <graphics name="K05742" fgcolor="#000000" bgcolor="#BFBFFF"
             type="rectangle" x="199" y="901" width="46" height="17"/>
    </entry>
    <entry id="30" name="cpd:C01330" type="compound"
        link="http://www.kegg.jp/dbget-bin/www_bget?C01330">
        <graphics name="C01330" fgcolor="#000000" bgcolor="#FFFFFF"
             type="circle" x="145" y="897" width="8" height="8"/>
    </entry>
    <entry id="31" name="cpd:C00080" type="compound"
        link="http://www.kegg.jp/dbget-bin/www_bget?C00080">
        <graphics name="C00080" fgcolor="#000000" bgcolor="#FFFFFF"
             type="circle" x="258" y="905" width="8" height="8"/>
    </entry>
    <entry id="32" name="cpd:C00698" type="compound"
        link="http://www.kegg.jp/dbget-bin/www_bget?C00698">
        <graphics name="C00698" fgcolor="#000000" bgcolor="#FFFFFF"
             type="circle" x="768" y="864" width="8" height="8"/>
    </entry>
    <entry id="33" name="cpd:C00288" type="compound"
        link="http://www.kegg.jp/dbget-bin/www_bget?C00288">
        <graphics name="C00288" fgcolor="#000000" bgcolor="#FFFFFF"
             type="circle" x="659" y="872" width="8" height="8"/>
    </entry>
    <entry id="34" name="cpd:C01353" type="compound"
        link="http://www.kegg.jp/dbget-bin/www_bget?C01353">
        <graphics name="C01353" fgcolor="#000000" bgcolor="#FFFFFF"
             type="circle" x="417" y="928" width="8" height="8"/>
    </entry>
    <entry id="35" name="cpd:C00001" type="compound"
        link="http://www.kegg.jp/dbget-bin/www_bget?C00001">
        <graphics name="C00001" fgcolor="#000000" bgcolor="#FFFFFF"
             type="circle" x="439" y="965" width="8" height="8"/>
    </entry>
    <entry id="36" name="cpd:C00011" type="compound"
        link="http://www.kegg.jp/dbget-bin/www_bget?C00011">
        <graphics name="C00011" fgcolor="#000000" bgcolor="#FFFFFF"
             type="circle" x="395" y="965" width="8" height="8"/>
    </entry>
    <entry id="37" name="ko:K14078" type="ortholog"
        link="http://www.kegg.jp/dbget-bin/www_bget?K14078">
        <graphics name="K14078" fgcolor="#000000" bgcolor="#BFBFFF"
             type="rectangle" x="702" y="868" width="46" height="17"/>
    </entry>
    <entry id="38" name="ko:K01539 ko:K01540 ko:K01538" type="ortholog"
        link="http://www.kegg.jp/dbget-bin/www_bget?K01539+K01540+K01538">
        <graphics name="K01539..." fgcolor="#000000" bgcolor="#BFBFFF"
             type="rectangle" x="199" y="938" width="46" height="17"/>
    </entry>
    <entry id="39" name="ko:K04936" type="ortholog"
        link="http://www.kegg.jp/dbget-bin/www_bget?K04936">
        <graphics name="K04936" fgcolor="#000000" bgcolor="#BFBFFF"
             type="rectangle" x="199" y="837" width="46" height="17"/>
    </entry>
    <entry id="40" name="cpd:C00238" type="compound"
        link="http://www.kegg.jp/dbget-bin/www_bget?C00238">
        <graphics name="C00238" fgcolor="#000000" bgcolor="#FFFFFF"
             type="circle" x="145" y="934" width="8" height="8"/>
    </entry>
    <entry id="41" name="cpd:C01330" type="compound"
        link="http://www.kegg.jp/dbget-bin/www_bget?C01330">
        <graphics name="C01330" fgcolor="#000000" bgcolor="#FFFFFF"
             type="circle" x="258" y="942" width="8" height="8"/>
    </entry>
    <entry id="42" name="ko:K05031" type="ortholog"
        link="http://www.kegg.jp/dbget-bin/www_bget?K05031">
        <graphics name="K05031" fgcolor="#000000" bgcolor="#BFBFFF"
             type="rectangle" x="702" y="836" width="46" height="17"/>
    </entry>
    <entry id="43" name="ko:K04588" type="ortholog"
        link="http://www.kegg.jp/dbget-bin/www_bget?K04588">
        <graphics name="K04588" fgcolor="#000000" bgcolor="#BFBFFF"
             type="rectangle" x="199" y="788" width="46" height="17"/>
    </entry>
    <entry id="44" name="ko:K05742" type="ortholog"
        link="http://www.kegg.jp/dbget-bin/www_bget?K05742">
        <graphics name="K05742" fgcolor="#000000" bgcolor="#BFBFFF"
             type="rectangle" x="199" y="566" width="46" height="17"/>
    </entry>
    <entry id="45" name="ko:K13855" type="ortholog"
        link="http://www.kegg.jp/dbget-bin/www_bget?K13855">
        <graphics name="K13855" fgcolor="#000000" bgcolor="#BFBFFF"
             type="rectangle" x="199" y="597" width="46" height="17"/>
    </entry>
    <entry id="46" name="cpd:C01330" type="compound"
        link="http://www.kegg.jp/dbget-bin/www_bget?C01330">
        <graphics name="C01330" fgcolor="#000000" bgcolor="#FFFFFF"
             type="circle" x="154" y="560" width="8" height="8"/>
    </entry>
    <entry id="47" name="cpd:C00080" type="compound"
        link="http://www.kegg.jp/dbget-bin/www_bget?C00080">
        <graphics name="C00080" fgcolor="#000000" bgcolor="#FFFFFF"
             type="circle" x="263" y="569" width="8" height="8"/>
    </entry>
    <entry id="48" name="cpd:C00288" type="compound"
        link="http://www.kegg.jp/dbget-bin/www_bget?C00288">
        <graphics name="C00288" fgcolor="#000000" bgcolor="#FFFFFF"
             type="circle" x="263" y="600" width="8" height="8"/>
    </entry>
    <entry id="49" name="cpd:C00698" type="compound"
        link="http://www.kegg.jp/dbget-bin/www_bget?C00698">
        <graphics name="C00698" fgcolor="#000000" bgcolor="#FFFFFF"
             type="circle" x="154" y="590" width="8" height="8"/>
    </entry>
    <entry id="50" name="cpd:C01330" type="compound"
        link="http://www.kegg.jp/dbget-bin/www_bget?C01330">
        <graphics name="C01330" fgcolor="#000000" bgcolor="#FFFFFF"
             type="circle" x="272" y="90" width="8" height="8"/>
    </entry>
    <entry id="51" name="ko:K05027 ko:K05028 ko:K05030" type="ortholog"
        link="http://www.kegg.jp/dbget-bin/www_bget?K05027+K05028+K05030">
        <graphics name="K05027..." fgcolor="#000000" bgcolor="#BFBFFF"
             type="rectangle" x="698" y="522" width="46" height="17"/>
    </entry>
    <entry id="52" name="cpd:C00698" type="compound"
        link="http://www.kegg.jp/dbget-bin/www_bget?C00698">
        <graphics name="C00698" fgcolor="#000000" bgcolor="#FFFFFF"
             type="circle" x="646" y="520" width="8" height="8"/>
    </entry>
    <entry id="53" name="cpd:C00238" type="compound"
        link="http://www.kegg.jp/dbget-bin/www_bget?C00238">
        <graphics name="C00238" fgcolor="#000000" bgcolor="#FFFFFF"
             type="circle" x="254" y="837" width="8" height="8"/>
    </entry>
    <entry id="54" name="cpd:C00698" type="compound"
        link="http://www.kegg.jp/dbget-bin/www_bget?C00698">
        <graphics name="C00698" fgcolor="#000000" bgcolor="#FFFFFF"
             type="circle" x="652" y="835" width="8" height="8"/>
    </entry>
    <entry id="55" name="cpd:C13523" type="compound"
        link="http://www.kegg.jp/dbget-bin/www_bget?C13523">
        <graphics name="C13523" fgcolor="#000000" bgcolor="#FFFFFF"
             type="circle" x="129" y="787" width="8" height="8"/>
    </entry>
    <entry id="56" name="cpd:C00575" type="compound"
        link="http://www.kegg.jp/dbget-bin/www_bget?C00575">
        <graphics name="C00575" fgcolor="#000000" bgcolor="#FFFFFF"
             type="circle" x="451" y="787" width="8" height="8"/>
    </entry>
    <entry id="57" name="ko:K18245" type="ortholog"
        link="http://www.kegg.jp/dbget-bin/www_bget?K18245">
        <graphics name="K18245" fgcolor="#000000" bgcolor="#BFBFFF"
             type="rectangle" x="448" y="949" width="46" height="17"/>
    </entry>
    <entry id="58" name="cpd:C00001" type="compound"
        link="http://www.kegg.jp/dbget-bin/www_bget?C00001">
        <graphics name="C00001" fgcolor="#000000" bgcolor="#FFFFFF"
             type="circle" x="365" y="568" width="8" height="8"/>
    </entry>
    <entry id="59" name="cpd:C00011" type="compound"
        link="http://www.kegg.jp/dbget-bin/www_bget?C00011">
        <graphics name="C00011" fgcolor="#000000" bgcolor="#FFFFFF"
             type="circle" x="365" y="603" width="8" height="8"/>
    </entry>
    <entry id="60" name="ko:K04962" type="ortholog"
        link="http://www.kegg.jp/dbget-bin/www_bget?K04962">
        <graphics name="K04962" fgcolor="#000000" bgcolor="#BFBFFF"
             type="rectangle" x="525" y="501" width="46" height="17"/>
    </entry>
    <entry id="61" name="ko:K14077" type="ortholog"
        link="http://www.kegg.jp/dbget-bin/www_bget?K14077">
        <graphics name="K14077" fgcolor="#000000" bgcolor="#BFBFFF"
             type="rectangle" x="525" y="600" width="46" height="17"/>
    </entry>
    <entry id="62" name="cpd:C13050" type="compound"
        link="http://www.kegg.jp/dbget-bin/www_bget?C13050">
        <graphics name="C13050" fgcolor="#000000" bgcolor="#FFFFFF"
             type="circle" x="445" y="534" width="8" height="8"/>
    </entry>
    <entry id="63" name="cpd:C13051" type="compound"
        link="http://www.kegg.jp/dbget-bin/www_bget?C13051">
        <graphics name="C13051" fgcolor="#000000" bgcolor="#FFFFFF"
             type="circle" x="457" y="630" width="8" height="8"/>
    </entry>
    <entry id="64" name="cpd:C00011" type="compound"
        link="http://www.kegg.jp/dbget-bin/www_bget?C00011">
        <graphics name="C00011" fgcolor="#000000" bgcolor="#FFFFFF"
             type="circle" x="153" y="642" width="8" height="8"/>
    </entry>
    <entry id="65" name="cpd:C00076" type="compound"
        link="http://www.kegg.jp/dbget-bin/www_bget?C00076">
        <graphics name="C00076" fgcolor="#000000" bgcolor="#FFFFFF"
             type="circle" x="457" y="599" width="8" height="8"/>
    </entry>
    <entry id="66" name="cpd:C00011" type="compound"
        link="http://www.kegg.jp/dbget-bin/www_bget?C00011">
        <graphics name="C00011" fgcolor="#000000" bgcolor="#FFFFFF"
             type="circle" x="150" y="963" width="8" height="8"/>
    </entry>
    <entry id="68" name="ko:K13575" type="ortholog"
        link="http://www.kegg.jp/dbget-bin/www_bget?K13575">
        <graphics name="K13575" fgcolor="#000000" bgcolor="#BFBFFF"
             type="rectangle" x="199" y="867" width="46" height="17"/>
    </entry>
    <entry id="69" name="cpd:C01330" type="compound"
        link="http://www.kegg.jp/dbget-bin/www_bget?C01330">
        <graphics name="C01330" fgcolor="#000000" bgcolor="#FFFFFF"
             type="circle" x="145" y="862" width="8" height="8"/>
    </entry>
    <entry id="70" name="cpd:C00288" type="compound"
        link="http://www.kegg.jp/dbget-bin/www_bget?C00288">
        <graphics name="C00288" fgcolor="#000000" bgcolor="#FFFFFF"
             type="circle" x="145" y="872" width="8" height="8"/>
    </entry>
    <entry id="72" name="ko:K01312" type="ortholog"
        link="http://www.kegg.jp/dbget-bin/www_bget?K01312">
        <graphics name="K01312" fgcolor="#000000" bgcolor="#BFBFFF"
             type="rectangle" x="765" y="403" width="46" height="17"/>
    </entry>
    <entry id="73" name="ko:K08779 ko:K01298 ko:K08780" type="ortholog"
        link="http://www.kegg.jp/dbget-bin/www_bget?K08779+K01298+K08780">
        <graphics name="K08779..." fgcolor="#000000" bgcolor="#BFBFFF"
             type="rectangle" x="765" y="469" width="46" height="17"/>
    </entry>
    <entry id="74" name="ko:K01291 ko:K01300" type="ortholog"
        link="http://www.kegg.jp/dbget-bin/www_bget?K01291+K01300">
        <graphics name="K01291..." fgcolor="#000000" bgcolor="#BFBFFF"
             type="rectangle" x="818" y="469" width="46" height="17"/>
    </entry>
    <entry id="75" name="ko:K01346 ko:K01345" type="ortholog"
        link="http://www.kegg.jp/dbget-bin/www_bget?K01346+K01345">
        <graphics name="K01346..." fgcolor="#000000" bgcolor="#BFBFFF"
             type="rectangle" x="765" y="447" width="46" height="17"/>
    </entry>
    <entry id="76" name="ko:K14074" type="ortholog"
        link="http://www.kegg.jp/dbget-bin/www_bget?K14074">
        <graphics name="K14074" fgcolor="#000000" bgcolor="#BFBFFF"
             type="rectangle" x="891" y="447" width="46" height="17"/>
    </entry>
    <entry id="77" name="ko:K14075" type="ortholog"
        link="http://www.kegg.jp/dbget-bin/www_bget?K14075">
        <graphics name="K14075" fgcolor="#000000" bgcolor="#BFBFFF"
             type="rectangle" x="944" y="447" width="46" height="17"/>
    </entry>
    <entry id="78" name="ko:K12298" type="ortholog"
        link="http://www.kegg.jp/dbget-bin/www_bget?K12298">
        <graphics name="K12298" fgcolor="#000000" bgcolor="#BFBFFF"
             type="rectangle" x="891" y="469" width="46" height="17"/>
    </entry>
    <entry id="79" name="ko:K01047" type="ortholog"
        link="http://www.kegg.jp/dbget-bin/www_bget?K01047">
        <graphics name="K01047" fgcolor="#000000" bgcolor="#BFBFFF"
             type="rectangle" x="944" y="469" width="46" height="17"/>
    </entry>
    <entry id="80" name="ko:K14073" type="ortholog"
        link="http://www.kegg.jp/dbget-bin/www_bget?K14073">
        <graphics name="K14073" fgcolor="#000000" bgcolor="#BFBFFF"
             type="rectangle" x="891" y="425" width="46" height="17"/>
    </entry>
    <entry id="81" name="cpd:C00001" type="compound"
        link="http://www.kegg.jp/dbget-bin/www_bget?C00001">
        <graphics name="C00001" fgcolor="#000000" bgcolor="#FFFFFF"
             type="circle" x="162" y="708" width="8" height="8"/>
    </entry>
    <entry id="82" name="cpd:C00001" type="compound"
        link="http://www.kegg.jp/dbget-bin/www_bget?C00001">
        <graphics name="C00001" fgcolor="#000000" bgcolor="#FFFFFF"
             type="circle" x="268" y="102" width="8" height="8"/>
    </entry>
    <entry id="83" name="ko:K05853" type="ortholog"
        link="http://www.kegg.jp/dbget-bin/www_bget?K05853">
        <graphics name="K05853" fgcolor="#000000" bgcolor="#BFBFFF"
             type="rectangle" x="608" y="543" width="46" height="17"/>
    </entry>
    <entry id="84" name="cpd:C00076" type="compound"
        link="http://www.kegg.jp/dbget-bin/www_bget?C00076">
        <graphics name="C00076" fgcolor="#000000" bgcolor="#FFFFFF"
             type="circle" x="650" y="542" width="8" height="8"/>
    </entry>
    <entry id="85" name="ko:K04964" type="ortholog"
        link="http://www.kegg.jp/dbget-bin/www_bget?K04964">
        <graphics name="K04964" fgcolor="#000000" bgcolor="#BFBFFF"
             type="rectangle" x="199" y="370" width="46" height="17"/>
    </entry>
    <entry id="86" name="cpd:C00076" type="compound"
        link="http://www.kegg.jp/dbget-bin/www_bget?C00076">
        <graphics name="C00076" fgcolor="#000000" bgcolor="#FFFFFF"
             type="circle" x="147" y="370" width="8" height="8"/>
    </entry>
    <entry id="88" name="ko:K01242 ko:K18152" type="ortholog"
        link="http://www.kegg.jp/dbget-bin/www_bget?K01242+K18152">
        <graphics name="K01242..." fgcolor="#000000" bgcolor="#BFBFFF"
             type="rectangle" x="393" y="547" width="46" height="17"/>
    </entry>
    <entry id="89" name="ko:K04632" type="ortholog"
        link="http://www.kegg.jp/dbget-bin/www_bget?K04632">
        <graphics name="K04632" fgcolor="#000000" bgcolor="#BFBFFF"
             type="rectangle" x="280" y="788" width="46" height="17"/>
    </entry>
    <entry id="90" name="ko:K08041 ko:K08042 ko:K08043 ko:K08044 ko:K08045 ko:K08046 ko:K08047 ko:K08048 ko:K08049" type="ortholog"
        link="http://www.kegg.jp/dbget-bin/www_bget?K08041+K08042+K08043+K08044+K08045+K08046+K08047+K08048+K08049">
        <graphics name="K08041..." fgcolor="#000000" bgcolor="#BFBFFF"
             type="rectangle" x="361" y="788" width="46" height="17"/>
    </entry>
    <entry id="91" name="ko:K09632" type="ortholog"
        link="http://www.kegg.jp/dbget-bin/www_bget?K09632">
        <graphics name="K09632" fgcolor="#000000" bgcolor="#BFBFFF"
             type="rectangle" x="818" y="425" width="46" height="17"/>
    </entry>
    <entry id="92" name="ko:K07884 ko:K07901 ko:K07904 ko:K07886" type="ortholog"
        link="http://www.kegg.jp/dbget-bin/www_bget?K07884+K07901+K07904+K07886">
        <graphics name="K07884..." fgcolor="#000000" bgcolor="#BFBFFF"
             type="rectangle" x="563" y="287" width="46" height="17"/>
    </entry>
    <entry id="93" name="ko:K04353 ko:K07836" type="ortholog"
        link="http://www.kegg.jp/dbget-bin/www_bget?K04353+K07836">
        <graphics name="K04353..." fgcolor="#000000" bgcolor="#BFBFFF"
             type="rectangle" x="615" y="325" width="46" height="17"/>
    </entry>
    <entry id="94" name="ko:K04513" type="ortholog"
        link="http://www.kegg.jp/dbget-bin/www_bget?K04513">
        <graphics name="K04513" fgcolor="#000000" bgcolor="#BFBFFF"
             type="rectangle" x="655" y="352" width="46" height="17"/>
    </entry>
    <entry id="95" name="ko:K04392" type="ortholog"
        link="http://www.kegg.jp/dbget-bin/www_bget?K04392">
        <graphics name="K04392" fgcolor="#000000" bgcolor="#BFBFFF"
             type="rectangle" x="655" y="373" width="46" height="17"/>
    </entry>
    <entry id="96" name="path:ko04973" type="map"
        link="http://www.kegg.jp/dbget-bin/www_bget?ko04973">
        <graphics name="Carbohydrate digestion and absorption" fgcolor="#000000" bgcolor="#FFFFFF"
             type="roundrectangle" x="795" y="953" width="126" height="34"/>
    </entry>
    <entry id="97" name="path:ko04974" type="map"
        link="http://www.kegg.jp/dbget-bin/www_bget?ko04974">
        <graphics name="Protein digestion and absorption" fgcolor="#000000" bgcolor="#FFFFFF"
             type="roundrectangle" x="934" y="953" width="126" height="34"/>
    </entry>
    <entry id="98" name="path:ko04975" type="map"
        link="http://www.kegg.jp/dbget-bin/www_bget?ko04975">
        <graphics name="Fat digestion and absorption" fgcolor="#000000" bgcolor="#FFFFFF"
             type="roundrectangle" x="795" y="995" width="126" height="34"/>
    </entry>
    <entry id="99" name="path:ko04977" type="map"
        link="http://www.kegg.jp/dbget-bin/www_bget?ko04977">
        <graphics name="Vitamin digestion and absorption" fgcolor="#000000" bgcolor="#FFFFFF"
             type="roundrectangle" x="934" y="995" width="126" height="34"/>
    </entry>
    <relation entry1="19" entry2="7" type="PCrel">
        <subtype name="activation" value="--&gt;"/>
    </relation>
    <relation entry1="7" entry2="10" type="PPrel">
        <subtype name="activation" value="--&gt;"/>
    </relation>
    <relation entry1="10" entry2="11" type="PPrel">
        <subtype name="activation" value="--&gt;"/>
    </relation>
    <relation entry1="11" entry2="17" type="PCrel">
        <subtype name="activation" value="--&gt;"/>
    </relation>
    <relation entry1="17" entry2="18" type="PCrel">
        <subtype name="activation" value="--&gt;"/>
    </relation>
    <relation entry1="20" entry2="8" type="PCrel">
        <subtype name="activation" value="--&gt;"/>
    </relation>
    <relation entry1="8" entry2="10" type="PPrel">
        <subtype name="activation" value="--&gt;"/>
    </relation>
    <relation entry1="11" entry2="13" type="PCrel">
        <subtype name="activation" value="--&gt;"/>
    </relation>
    <relation entry1="13" entry2="12" type="PCrel">
        <subtype name="activation" value="--&gt;"/>
    </relation>
    <relation entry1="14" entry2="21" type="PCrel">
        <subtype name="indirect effect" value="..&gt;"/>
    </relation>
    <relation entry1="88" entry2="62" type="PCrel">
        <subtype name="activation" value="--&gt;"/>
    </relation>
    <relation entry1="62" entry2="60" type="PCrel">
        <subtype name="activation" value="--&gt;"/>
    </relation>
    <relation entry1="65" entry2="60" type="PCrel">
        <subtype name="activation" value="--&gt;"/>
    </relation>
    <relation entry1="88" entry2="63" type="PCrel">
        <subtype name="activation" value="--&gt;"/>
    </relation>
    <relation entry1="63" entry2="61" type="PCrel">
        <subtype name="activation" value="--&gt;"/>
    </relation>
    <relation entry1="55" entry2="43" type="PCrel">
        <subtype name="activation" value="--&gt;"/>
    </relation>
    <relation entry1="43" entry2="89" type="PPrel">
        <subtype name="activation" value="--&gt;"/>
    </relation>
    <relation entry1="89" entry2="90" type="PPrel">
        <subtype name="activation" value="--&gt;"/>
    </relation>
    <relation entry1="90" entry2="56" type="PCrel">
        <subtype name="activation" value="--&gt;"/>
    </relation>
    <relation entry1="7" entry2="88" type="PPrel">
        <subtype name="activation" value="--&gt;"/>
        <subtype name="indirect effect" value="..&gt;"/>
    </relation>
    <relation entry1="14" entry2="51" type="PCrel">
        <subtype name="activation" value="--&gt;"/>
    </relation>
    <relation entry1="56" entry2="39" type="PCrel">
        <subtype name="activation" value="--&gt;"/>
        <subtype name="indirect effect" value="..&gt;"/>
    </relation>
    <relation entry1="56" entry2="42" type="PCrel">
        <subtype name="activation" value="--&gt;"/>
        <subtype name="indirect effect" value="..&gt;"/>
    </relation>
    <relation entry1="14" entry2="23" type="PCrel">
        <subtype name="activation" value="--&gt;"/>
    </relation>
</pathway>
