<?xml version="1.0"?>
<!DOCTYPE pathway SYSTEM "http://www.kegg.jp/kegg/xml/KGML_v0.7.2_.dtd">
<!-- Creation date: Sep 7, 2016 11:15:28 +0900 (GMT+9) -->
<pathway name="path:ko04918" org="ko" number="04918"
         title="Thyroid hormone synthesis"
         image="http://www.kegg.jp/kegg/pathway/ko/ko04918.png"
         link="http://www.kegg.jp/kegg-bin/show_pathway?ko04918">
    <entry id="1" name="path:ko04918" type="map"
        link="http://www.kegg.jp/dbget-bin/www_bget?ko04918">
        <graphics name="TITLE:Thyroid hormone synthesis" fgcolor="#000000" bgcolor="#FFFFFF"
             type="roundrectangle" x="171" y="58" width="261" height="25"/>
    </entry>
    <entry id="2" name="path:ko04530" type="map"
        link="http://www.kegg.jp/dbget-bin/www_bget?ko04530">
        <graphics name="Tight junction" fgcolor="#000000" bgcolor="#FFFFFF"
             type="roundrectangle" x="667" y="157" width="115" height="25"/>
    </entry>
    <entry id="3" name="ko:K04345" type="ortholog"
        link="http://www.kegg.jp/dbget-bin/www_bget?K04345">
        <graphics name="K04345" fgcolor="#000000" bgcolor="#BFBFFF"
             type="rectangle" x="505" y="331" width="46" height="17"/>
    </entry>
    <entry id="4" name="ko:K05251 ko:K08522" type="ortholog"
        link="http://www.kegg.jp/dbget-bin/www_bget?K05251+K08522">
        <graphics name="K05251..." fgcolor="#000000" bgcolor="#BFBFFF"
             type="rectangle" x="161" y="356" width="46" height="17"/>
    </entry>
    <entry id="5" name="ko:K04249" type="ortholog"
        link="http://www.kegg.jp/dbget-bin/www_bget?K04249">
        <graphics name="K04249" fgcolor="#000000" bgcolor="#BFBFFF"
             type="rectangle" x="244" y="357" width="46" height="17"/>
    </entry>
    <entry id="6" name="ko:K04634" type="ortholog"
        link="http://www.kegg.jp/dbget-bin/www_bget?K04634">
        <graphics name="K04634" fgcolor="#000000" bgcolor="#BFBFFF"
             type="rectangle" x="312" y="386" width="46" height="17"/>
    </entry>
    <entry id="7" name="ko:K05858" type="ortholog"
        link="http://www.kegg.jp/dbget-bin/www_bget?K05858">
        <graphics name="K05858" fgcolor="#000000" bgcolor="#BFBFFF"
             type="rectangle" x="387" y="386" width="46" height="17"/>
    </entry>
    <entry id="8" name="ko:K04632" type="ortholog"
        link="http://www.kegg.jp/dbget-bin/www_bget?K04632">
        <graphics name="K04632" fgcolor="#000000" bgcolor="#BFBFFF"
             type="rectangle" x="312" y="331" width="46" height="17"/>
    </entry>
    <entry id="9" name="ko:K08041 ko:K08042 ko:K08043 ko:K08044 ko:K08045 ko:K08046 ko:K08047 ko:K08048 ko:K08049" type="ortholog"
        link="http://www.kegg.jp/dbget-bin/www_bget?K08041+K08042+K08043+K08044+K08045+K08046+K08047+K08048+K08049">
        <graphics name="K08041..." fgcolor="#000000" bgcolor="#BFBFFF"
             type="rectangle" x="388" y="331" width="46" height="17"/>
    </entry>
    <entry id="10" name="ko:K10809" type="ortholog"
        link="http://www.kegg.jp/dbget-bin/www_bget?K10809">
        <graphics name="K10809" fgcolor="#000000" bgcolor="#BFBFFF"
             type="rectangle" x="676" y="430" width="46" height="17"/>
    </entry>
    <entry id="11" name="ko:K14385" type="ortholog"
        link="http://www.kegg.jp/dbget-bin/www_bget?K14385">
        <graphics name="K14385" fgcolor="#000000" bgcolor="#BFBFFF"
             type="rectangle" x="244" y="556" width="46" height="17"/>
    </entry>
    <entry id="12" name="ko:K01539 ko:K01540 ko:K01538" type="ortholog"
        link="http://www.kegg.jp/dbget-bin/www_bget?K01539+K01540+K01538">
        <graphics name="K01539..." fgcolor="#000000" bgcolor="#BFBFFF"
             type="rectangle" x="245" y="654" width="46" height="17"/>
    </entry>
    <entry id="13" name="ko:K14702" type="ortholog"
        link="http://www.kegg.jp/dbget-bin/www_bget?K14702">
        <graphics name="K14702" fgcolor="#000000" bgcolor="#BFBFFF"
             type="rectangle" x="770" y="556" width="46" height="17"/>
    </entry>
    <entry id="15" name="ko:K00431" type="ortholog"
        link="http://www.kegg.jp/dbget-bin/www_bget?K00431">
        <graphics name="K00431" fgcolor="#000000" bgcolor="#BFBFFF"
             type="rectangle" x="770" y="592" width="46" height="17"/>
    </entry>
    <entry id="16" name="ko:K17231" type="ortholog"
        link="http://www.kegg.jp/dbget-bin/www_bget?K17231">
        <graphics name="K17231" fgcolor="#000000" bgcolor="#BFBFFF"
             type="rectangle" x="409" y="627" width="46" height="17"/>
    </entry>
    <entry id="17" name="cpd:C00165" type="compound"
        link="http://www.kegg.jp/dbget-bin/www_bget?C00165">
        <graphics name="C00165" fgcolor="#000000" bgcolor="#FFFFFF"
             type="circle" x="446" y="386" width="8" height="8"/>
    </entry>
    <entry id="18" name="cpd:C01245" type="compound"
        link="http://www.kegg.jp/dbget-bin/www_bget?C01245">
        <graphics name="C01245" fgcolor="#000000" bgcolor="#FFFFFF"
             type="circle" x="446" y="424" width="8" height="8"/>
    </entry>
    <entry id="19" name="cpd:C00575" type="compound"
        link="http://www.kegg.jp/dbget-bin/www_bget?C00575">
        <graphics name="C00575" fgcolor="#000000" bgcolor="#FFFFFF"
             type="circle" x="445" y="331" width="8" height="8"/>
    </entry>
    <entry id="20" name="ko:K02677 ko:K19662 ko:K19663" type="ortholog"
        link="http://www.kegg.jp/dbget-bin/www_bget?K02677+K19662+K19663">
        <graphics name="K02677..." fgcolor="#000000" bgcolor="#BFBFFF"
             type="rectangle" x="505" y="386" width="46" height="17"/>
    </entry>
    <entry id="21" name="ko:K15225" type="ortholog"
        link="http://www.kegg.jp/dbget-bin/www_bget?K15225">
        <graphics name="K15225" fgcolor="#000000" bgcolor="#BFBFFF"
             type="rectangle" x="602" y="326" width="46" height="17"/>
    </entry>
    <entry id="22" name="ko:K15173" type="ortholog"
        link="http://www.kegg.jp/dbget-bin/www_bget?K15173">
        <graphics name="K15173" fgcolor="#000000" bgcolor="#BFBFFF"
             type="rectangle" x="602" y="349" width="46" height="17"/>
    </entry>
    <entry id="23" name="ko:K09293" type="ortholog"
        link="http://www.kegg.jp/dbget-bin/www_bget?K09293">
        <graphics name="K09293" fgcolor="#000000" bgcolor="#BFBFFF"
             type="rectangle" x="602" y="373" width="46" height="17"/>
    </entry>
    <entry id="24" name="ko:K05870 ko:K04450 ko:K04374 ko:K09048 ko:K09047 ko:K09049" type="ortholog"
        link="http://www.kegg.jp/dbget-bin/www_bget?K05870+K04450+K04374+K09048+K09047+K09049">
        <graphics name="K05870..." fgcolor="#000000" bgcolor="#BFBFFF"
             type="rectangle" x="602" y="396" width="46" height="17"/>
    </entry>
    <entry id="25" name="cpd:C01330" type="compound"
        link="http://www.kegg.jp/dbget-bin/www_bget?C01330">
        <graphics name="C01330" fgcolor="#000000" bgcolor="#FFFFFF"
             type="circle" x="306" y="561" width="8" height="8"/>
    </entry>
    <entry id="26" name="cpd:C00708" type="compound"
        link="http://www.kegg.jp/dbget-bin/www_bget?C00708">
        <graphics name="C00708" fgcolor="#000000" bgcolor="#FFFFFF"
             type="circle" x="171" y="551" width="8" height="8"/>
    </entry>
    <entry id="27" name="cpd:C00708" type="compound"
        link="http://www.kegg.jp/dbget-bin/www_bget?C00708">
        <graphics name="C00708" fgcolor="#000000" bgcolor="#FFFFFF"
             type="circle" x="832" y="554" width="8" height="8"/>
    </entry>
    <entry id="28" name="ko:K10809" type="ortholog"
        link="http://www.kegg.jp/dbget-bin/www_bget?K10809">
        <graphics name="K10809" fgcolor="#000000" bgcolor="#BFBFFF"
             type="rectangle" x="935" y="698" width="46" height="17"/>
    </entry>
    <entry id="29" name="cpd:C02515" type="compound"
        link="http://www.kegg.jp/dbget-bin/www_bget?C02515">
        <graphics name="C02515" fgcolor="#000000" bgcolor="#FFFFFF"
             type="circle" x="907" y="667" width="8" height="8"/>
    </entry>
    <entry id="30" name="cpd:C01060" type="compound"
        link="http://www.kegg.jp/dbget-bin/www_bget?C01060">
        <graphics name="C01060" fgcolor="#000000" bgcolor="#FFFFFF"
             type="circle" x="961" y="667" width="8" height="8"/>
    </entry>
    <entry id="31" name="ko:K10809" type="ortholog"
        link="http://www.kegg.jp/dbget-bin/www_bget?K10809">
        <graphics name="K10809" fgcolor="#000000" bgcolor="#BFBFFF"
             type="rectangle" x="935" y="782" width="46" height="17"/>
    </entry>
    <entry id="32" name="cpd:C02515" type="compound"
        link="http://www.kegg.jp/dbget-bin/www_bget?C02515">
        <graphics name="C02515" fgcolor="#000000" bgcolor="#FFFFFF"
             type="circle" x="907" y="753" width="8" height="8"/>
    </entry>
    <entry id="33" name="cpd:C01060" type="compound"
        link="http://www.kegg.jp/dbget-bin/www_bget?C01060">
        <graphics name="C01060" fgcolor="#000000" bgcolor="#FFFFFF"
             type="circle" x="961" y="753" width="8" height="8"/>
    </entry>
    <entry id="34" name="cpd:C01829" type="compound"
        link="http://www.kegg.jp/dbget-bin/www_bget?C01829">
        <graphics name="C01829" fgcolor="#000000" bgcolor="#FFFFFF"
             type="circle" x="961" y="812" width="8" height="8"/>
    </entry>
    <entry id="35" name="cpd:C02465" type="compound"
        link="http://www.kegg.jp/dbget-bin/www_bget?C02465">
        <graphics name="C02465" fgcolor="#000000" bgcolor="#FFFFFF"
             type="circle" x="907" y="812" width="8" height="8"/>
    </entry>
    <entry id="36" name="ko:K10809" type="ortholog"
        link="http://www.kegg.jp/dbget-bin/www_bget?K10809">
        <graphics name="K10809" fgcolor="#000000" bgcolor="#BFBFFF"
             type="rectangle" x="453" y="786" width="46" height="17"/>
    </entry>
    <entry id="37" name="cpd:C02515" type="compound"
        link="http://www.kegg.jp/dbget-bin/www_bget?C02515">
        <graphics name="C02515" fgcolor="#000000" bgcolor="#FFFFFF"
             type="circle" x="425" y="757" width="8" height="8"/>
    </entry>
    <entry id="38" name="cpd:C01060" type="compound"
        link="http://www.kegg.jp/dbget-bin/www_bget?C01060">
        <graphics name="C01060" fgcolor="#000000" bgcolor="#FFFFFF"
             type="circle" x="479" y="754" width="8" height="8"/>
    </entry>
    <entry id="39" name="cpd:C01829" type="compound"
        link="http://www.kegg.jp/dbget-bin/www_bget?C01829">
        <graphics name="C01829" fgcolor="#000000" bgcolor="#FFFFFF"
             type="circle" x="479" y="813" width="8" height="8"/>
    </entry>
    <entry id="40" name="cpd:C02465" type="compound"
        link="http://www.kegg.jp/dbget-bin/www_bget?C02465">
        <graphics name="C02465" fgcolor="#000000" bgcolor="#FFFFFF"
             type="circle" x="430" y="816" width="8" height="8"/>
    </entry>
    <entry id="41" name="cpd:C02465" type="compound"
        link="http://www.kegg.jp/dbget-bin/www_bget?C02465">
        <graphics name="C02465" fgcolor="#000000" bgcolor="#FFFFFF"
             type="circle" x="309" y="829" width="8" height="8"/>
    </entry>
    <entry id="42" name="cpd:C01829" type="compound"
        link="http://www.kegg.jp/dbget-bin/www_bget?C01829">
        <graphics name="C01829" fgcolor="#000000" bgcolor="#FFFFFF"
             type="circle" x="309" y="806" width="8" height="8"/>
    </entry>
    <entry id="43" name="cpd:C02465" type="compound"
        link="http://www.kegg.jp/dbget-bin/www_bget?C02465">
        <graphics name="C02465" fgcolor="#000000" bgcolor="#FFFFFF"
             type="circle" x="183" y="829" width="8" height="8"/>
    </entry>
    <entry id="44" name="cpd:C01829" type="compound"
        link="http://www.kegg.jp/dbget-bin/www_bget?C01829">
        <graphics name="C01829" fgcolor="#000000" bgcolor="#FFFFFF"
             type="circle" x="183" y="806" width="8" height="8"/>
    </entry>
    <entry id="45" name="cpd:C02515" type="compound"
        link="http://www.kegg.jp/dbget-bin/www_bget?C02515">
        <graphics name="C02515" fgcolor="#000000" bgcolor="#FFFFFF"
             type="circle" x="420" y="660" width="8" height="8"/>
    </entry>
    <entry id="46" name="cpd:C01060" type="compound"
        link="http://www.kegg.jp/dbget-bin/www_bget?C01060">
        <graphics name="C01060" fgcolor="#000000" bgcolor="#FFFFFF"
             type="circle" x="454" y="661" width="8" height="8"/>
    </entry>
    <entry id="47" name="path:ko00350" type="map"
        link="http://www.kegg.jp/dbget-bin/www_bget?ko00350">
        <graphics name="Tyrosine metabolism" fgcolor="#000000" bgcolor="#FFFFFF"
             type="roundrectangle" x="1047" y="692" width="127" height="25"/>
    </entry>
    <entry id="48" name="path:ko04142" type="map"
        link="http://www.kegg.jp/dbget-bin/www_bget?ko04142">
        <graphics name="Lysosome" fgcolor="#000000" bgcolor="#FFFFFF"
             type="roundrectangle" x="558" y="813" width="84" height="25"/>
    </entry>
    <entry id="49" name="cpd:C01330" type="compound"
        link="http://www.kegg.jp/dbget-bin/www_bget?C01330">
        <graphics name="C01330" fgcolor="#000000" bgcolor="#FFFFFF"
             type="circle" x="169" y="650" width="8" height="8"/>
    </entry>
    <entry id="50" name="cpd:C00238" type="compound"
        link="http://www.kegg.jp/dbget-bin/www_bget?C00238">
        <graphics name="C00238" fgcolor="#000000" bgcolor="#FFFFFF"
             type="circle" x="302" y="655" width="8" height="8"/>
    </entry>
    <entry id="51" name="cpd:C00708" type="compound"
        link="http://www.kegg.jp/dbget-bin/www_bget?C00708">
        <graphics name="C00708" fgcolor="#000000" bgcolor="#FFFFFF"
             type="circle" x="438" y="581" width="8" height="8"/>
    </entry>
    <entry id="52" name="ko:K17232" type="ortholog"
        link="http://www.kegg.jp/dbget-bin/www_bget?K17232">
        <graphics name="K17232" fgcolor="#000000" bgcolor="#BFBFFF"
             type="rectangle" x="771" y="697" width="46" height="17"/>
    </entry>
    <entry id="53" name="cpd:C00005" type="compound"
        link="http://www.kegg.jp/dbget-bin/www_bget?C00005">
        <graphics name="C00005" fgcolor="#000000" bgcolor="#FFFFFF"
             type="circle" x="727" y="670" width="8" height="8"/>
    </entry>
    <entry id="54" name="cpd:C00006" type="compound"
        link="http://www.kegg.jp/dbget-bin/www_bget?C00006">
        <graphics name="C00006" fgcolor="#000000" bgcolor="#FFFFFF"
             type="circle" x="725" y="624" width="8" height="8"/>
    </entry>
    <entry id="55" name="cpd:C00007" type="compound"
        link="http://www.kegg.jp/dbget-bin/www_bget?C00007">
        <graphics name="C00007" fgcolor="#000000" bgcolor="#FFFFFF"
             type="circle" x="813" y="671" width="8" height="8"/>
    </entry>
    <entry id="56" name="cpd:C00027" type="compound"
        link="http://www.kegg.jp/dbget-bin/www_bget?C00027">
        <graphics name="C00027" fgcolor="#000000" bgcolor="#FFFFFF"
             type="circle" x="816" y="623" width="8" height="8"/>
    </entry>
    <entry id="57" name="ko:K00431" type="ortholog"
        link="http://www.kegg.jp/dbget-bin/www_bget?K00431">
        <graphics name="K00431" fgcolor="#000000" bgcolor="#BFBFFF"
             type="rectangle" x="903" y="593" width="46" height="17"/>
    </entry>
    <entry id="58" name="cpd:C00027" type="compound"
        link="http://www.kegg.jp/dbget-bin/www_bget?C00027">
        <graphics name="C00027" fgcolor="#000000" bgcolor="#FFFFFF"
             type="circle" x="915" y="624" width="8" height="8"/>
    </entry>
    <entry id="59" name="ko:K04958 ko:K04959 ko:K04960" type="ortholog"
        link="http://www.kegg.jp/dbget-bin/www_bget?K04958+K04959+K04960">
        <graphics name="K04958..." fgcolor="#000000" bgcolor="#BFBFFF"
             type="rectangle" x="502" y="467" width="46" height="17"/>
    </entry>
    <entry id="60" name="cpd:C00076" type="compound"
        link="http://www.kegg.jp/dbget-bin/www_bget?C00076">
        <graphics name="C00076" fgcolor="#000000" bgcolor="#FFFFFF"
             type="circle" x="499" y="428" width="8" height="8"/>
    </entry>
    <entry id="61" name="ko:K00431" type="ortholog"
        link="http://www.kegg.jp/dbget-bin/www_bget?K00431">
        <graphics name="K00431" fgcolor="#000000" bgcolor="#BFBFFF"
             type="rectangle" x="905" y="737" width="46" height="17"/>
    </entry>
    <entry id="62" name="cpd:C00027" type="compound"
        link="http://www.kegg.jp/dbget-bin/www_bget?C00027">
        <graphics name="C00027" fgcolor="#000000" bgcolor="#FFFFFF"
             type="circle" x="907" y="715" width="8" height="8"/>
    </entry>
    <entry id="63" name="path:ko04020" type="map"
        link="http://www.kegg.jp/dbget-bin/www_bget?ko04020">
        <graphics name="Calcium signaling pathway" fgcolor="#000000" bgcolor="#FFFFFF"
             type="roundrectangle" x="383" y="464" width="112" height="34"/>
    </entry>
    <entry id="64" name="ko:K10809" type="ortholog"
        link="http://www.kegg.jp/dbget-bin/www_bget?K10809">
        <graphics name="K10809" fgcolor="#000000" bgcolor="#BFBFFF"
             type="rectangle" x="674" y="506" width="46" height="17"/>
    </entry>
    <entry id="65" name="ko:K10809" type="ortholog"
        link="http://www.kegg.jp/dbget-bin/www_bget?K10809">
        <graphics name="K10809" fgcolor="#000000" bgcolor="#BFBFFF"
             type="rectangle" x="674" y="523" width="46" height="17"/>
    </entry>
    <entry id="66" name="ko:K09490" type="ortholog"
        link="http://www.kegg.jp/dbget-bin/www_bget?K09490">
        <graphics name="K09490" fgcolor="#000000" bgcolor="#BFBFFF"
             type="rectangle" x="643" y="456" width="46" height="17"/>
    </entry>
    <entry id="67" name="ko:K09487" type="ortholog"
        link="http://www.kegg.jp/dbget-bin/www_bget?K09487">
        <graphics name="K09487" fgcolor="#000000" bgcolor="#BFBFFF"
             type="rectangle" x="643" y="478" width="46" height="17"/>
    </entry>
    <entry id="68" name="ko:K08054" type="ortholog"
        link="http://www.kegg.jp/dbget-bin/www_bget?K08054">
        <graphics name="K08054" fgcolor="#000000" bgcolor="#BFBFFF"
             type="rectangle" x="708" y="456" width="46" height="17"/>
    </entry>
    <entry id="69" name="ko:K09582" type="ortholog"
        link="http://www.kegg.jp/dbget-bin/www_bget?K09582">
        <graphics name="K09582" fgcolor="#000000" bgcolor="#BFBFFF"
             type="rectangle" x="708" y="478" width="46" height="17"/>
    </entry>
    <entry id="70" name="path:ko04146" type="map"
        link="http://www.kegg.jp/dbget-bin/www_bget?ko04146">
        <graphics name="Peroxisome" fgcolor="#000000" bgcolor="#FFFFFF"
             type="roundrectangle" x="530" y="575" width="84" height="25"/>
    </entry>
    <entry id="71" name="ko:K10809" type="ortholog"
        link="http://www.kegg.jp/dbget-bin/www_bget?K10809">
        <graphics name="K10809" fgcolor="#000000" bgcolor="#BFBFFF"
             type="rectangle" x="540" y="614" width="46" height="17"/>
    </entry>
    <entry id="72" name="ko:K10809" type="ortholog"
        link="http://www.kegg.jp/dbget-bin/www_bget?K10809">
        <graphics name="K10809" fgcolor="#000000" bgcolor="#BFBFFF"
             type="rectangle" x="549" y="637" width="46" height="17"/>
    </entry>
    <entry id="73" name="ko:K06233" type="ortholog"
        link="http://www.kegg.jp/dbget-bin/www_bget?K06233">
        <graphics name="K06233" fgcolor="#000000" bgcolor="#BFBFFF"
             type="rectangle" x="768" y="818" width="46" height="17"/>
    </entry>
    <entry id="74" name="ko:K10809" type="ortholog"
        link="http://www.kegg.jp/dbget-bin/www_bget?K10809">
        <graphics name="K10809" fgcolor="#000000" bgcolor="#BFBFFF"
             type="rectangle" x="935" y="844" width="46" height="17"/>
    </entry>
    <entry id="75" name="ko:K06233" type="ortholog"
        link="http://www.kegg.jp/dbget-bin/www_bget?K06233">
        <graphics name="K06233" fgcolor="#000000" bgcolor="#BFBFFF"
             type="rectangle" x="683" y="818" width="46" height="17"/>
    </entry>
    <entry id="76" name="ko:K10809" type="ortholog"
        link="http://www.kegg.jp/dbget-bin/www_bget?K10809">
        <graphics name="K10809" fgcolor="#000000" bgcolor="#BFBFFF"
             type="rectangle" x="683" y="845" width="46" height="17"/>
    </entry>
    <entry id="77" name="ko:K10809" type="ortholog"
        link="http://www.kegg.jp/dbget-bin/www_bget?K10809">
        <graphics name="K10809" fgcolor="#000000" bgcolor="#BFBFFF"
             type="rectangle" x="168" y="896" width="46" height="17"/>
    </entry>
    <entry id="78" name="path:ko00480" type="map"
        link="http://www.kegg.jp/dbget-bin/www_bget?ko00480">
        <graphics name="Glutathione metabolism" fgcolor="#000000" bgcolor="#FFFFFF"
             type="roundrectangle" x="578" y="679" width="134" height="25"/>
    </entry>
    <entry id="79" name="cpd:C00027" type="compound"
        link="http://www.kegg.jp/dbget-bin/www_bget?C00027">
        <graphics name="C00027" fgcolor="#000000" bgcolor="#FFFFFF"
             type="circle" x="720" y="765" width="8" height="8"/>
    </entry>
    <entry id="80" name="cpd:C00001" type="compound"
        link="http://www.kegg.jp/dbget-bin/www_bget?C00001">
        <graphics name="C00001" fgcolor="#000000" bgcolor="#FFFFFF"
             type="circle" x="719" y="714" width="8" height="8"/>
    </entry>
    <entry id="81" name="cpd:C00051" type="compound"
        link="http://www.kegg.jp/dbget-bin/www_bget?C00051">
        <graphics name="C00051" fgcolor="#000000" bgcolor="#FFFFFF"
             type="circle" x="675" y="714" width="8" height="8"/>
    </entry>
    <entry id="82" name="cpd:C00127" type="compound"
        link="http://www.kegg.jp/dbget-bin/www_bget?C00127">
        <graphics name="C00127" fgcolor="#000000" bgcolor="#FFFFFF"
             type="circle" x="675" y="765" width="8" height="8"/>
    </entry>
    <entry id="83" name="cpd:C00005" type="compound"
        link="http://www.kegg.jp/dbget-bin/www_bget?C00005">
        <graphics name="C00005" fgcolor="#000000" bgcolor="#FFFFFF"
             type="circle" x="631" y="765" width="8" height="8"/>
    </entry>
    <entry id="84" name="cpd:C00006" type="compound"
        link="http://www.kegg.jp/dbget-bin/www_bget?C00006">
        <graphics name="C00006" fgcolor="#000000" bgcolor="#FFFFFF"
             type="circle" x="629" y="714" width="8" height="8"/>
    </entry>
    <entry id="85" name="cpd:C00092" type="compound"
        link="http://www.kegg.jp/dbget-bin/www_bget?C00092">
        <graphics name="C00092" fgcolor="#000000" bgcolor="#FFFFFF"
             type="circle" x="585" y="714" width="8" height="8"/>
    </entry>
    <entry id="86" name="cpd:C00117 cpd:C00231" type="compound"
        link="http://www.kegg.jp/dbget-bin/www_bget?C00117+C00231">
        <graphics name="C00117..." fgcolor="#000000" bgcolor="#FFFFFF"
             type="circle" x="586" y="765" width="8" height="8"/>
    </entry>
    <entry id="87" name="ko:K00432" type="ortholog"
        link="http://www.kegg.jp/dbget-bin/www_bget?K00432">
        <graphics name="K00432" fgcolor="#000000" bgcolor="#BFBFFF"
             type="rectangle" x="703" y="738" width="46" height="17"/>
    </entry>
    <entry id="88" name="ko:K10063 ko:K10064" type="ortholog"
        link="http://www.kegg.jp/dbget-bin/www_bget?K10063+K10064">
        <graphics name="K10063..." fgcolor="#000000" bgcolor="#BFBFFF"
             type="rectangle" x="628" y="528" width="46" height="17"/>
    </entry>
    <entry id="89" name="ko:K00383" type="ortholog"
        link="http://www.kegg.jp/dbget-bin/www_bget?K00383">
        <graphics name="K00383" fgcolor="#000000" bgcolor="#BFBFFF"
             type="rectangle" x="652" y="738" width="46" height="17"/>
    </entry>
    <entry id="90" name="cpd:C00708" type="compound"
        link="http://www.kegg.jp/dbget-bin/www_bget?C00708">
        <graphics name="C00708" fgcolor="#000000" bgcolor="#FFFFFF"
             type="circle" x="940" y="453" width="8" height="8"/>
    </entry>
    <entry id="91" name="cpd:C02465 cpd:C01829" type="compound"
        link="http://www.kegg.jp/dbget-bin/www_bget?C02465+C01829">
        <graphics name="C02465..." fgcolor="#000000" bgcolor="#FFFFFF"
             type="circle" x="1114" y="285" width="8" height="8"/>
    </entry>
    <entry id="92" name="ko:K16141" type="ortholog"
        link="http://www.kegg.jp/dbget-bin/www_bget?K16141">
        <graphics name="K16141" fgcolor="#000000" bgcolor="#BFBFFF"
             type="rectangle" x="74" y="731" width="46" height="17"/>
    </entry>
    <entry id="93" name="ko:K20731" type="ortholog"
        link="http://www.kegg.jp/dbget-bin/www_bget?K20731">
        <graphics name="K20731" fgcolor="#000000" bgcolor="#BFBFFF"
             type="rectangle" x="74" y="756" width="46" height="17"/>
    </entry>
    <entry id="94" name="ko:K20734" type="ortholog"
        link="http://www.kegg.jp/dbget-bin/www_bget?K20734">
        <graphics name="K20734" fgcolor="#000000" bgcolor="#BFBFFF"
             type="rectangle" x="74" y="781" width="46" height="17"/>
    </entry>
    <entry id="95" name="ko:K16141" type="ortholog"
        link="http://www.kegg.jp/dbget-bin/www_bget?K16141">
        <graphics name="K16141" fgcolor="#000000" bgcolor="#BFBFFF"
             type="rectangle" x="74" y="828" width="46" height="17"/>
    </entry>
    <entry id="96" name="ko:K20731" type="ortholog"
        link="http://www.kegg.jp/dbget-bin/www_bget?K20731">
        <graphics name="K20731" fgcolor="#000000" bgcolor="#BFBFFF"
             type="rectangle" x="74" y="853" width="46" height="17"/>
    </entry>
    <entry id="97" name="ko:K20734" type="ortholog"
        link="http://www.kegg.jp/dbget-bin/www_bget?K20734">
        <graphics name="K20734" fgcolor="#000000" bgcolor="#BFBFFF"
             type="rectangle" x="74" y="878" width="46" height="17"/>
    </entry>
    <entry id="98" name="cpd:C01829" type="compound"
        link="http://www.kegg.jp/dbget-bin/www_bget?C01829">
        <graphics name="C01829" fgcolor="#000000" bgcolor="#FFFFFF"
             type="circle" x="113" y="731" width="8" height="8"/>
    </entry>
    <entry id="99" name="cpd:C01829" type="compound"
        link="http://www.kegg.jp/dbget-bin/www_bget?C01829">
        <graphics name="C01829" fgcolor="#000000" bgcolor="#FFFFFF"
             type="circle" x="113" y="755" width="8" height="8"/>
    </entry>
    <entry id="100" name="cpd:C01829" type="compound"
        link="http://www.kegg.jp/dbget-bin/www_bget?C01829">
        <graphics name="C01829" fgcolor="#000000" bgcolor="#FFFFFF"
             type="circle" x="113" y="781" width="8" height="8"/>
    </entry>
    <entry id="101" name="cpd:C02465" type="compound"
        link="http://www.kegg.jp/dbget-bin/www_bget?C02465">
        <graphics name="C02465" fgcolor="#000000" bgcolor="#FFFFFF"
             type="circle" x="113" y="828" width="8" height="8"/>
    </entry>
    <entry id="102" name="cpd:C02465" type="compound"
        link="http://www.kegg.jp/dbget-bin/www_bget?C02465">
        <graphics name="C02465" fgcolor="#000000" bgcolor="#FFFFFF"
             type="circle" x="113" y="852" width="8" height="8"/>
    </entry>
    <entry id="103" name="cpd:C02465" type="compound"
        link="http://www.kegg.jp/dbget-bin/www_bget?C02465">
        <graphics name="C02465" fgcolor="#000000" bgcolor="#FFFFFF"
             type="circle" x="113" y="878" width="8" height="8"/>
    </entry>
    <relation entry1="4" entry2="5" type="PPrel">
        <subtype name="activation" value="--&gt;"/>
    </relation>
    <relation entry1="5" entry2="8" type="PPrel">
        <subtype name="activation" value="--&gt;"/>
    </relation>
    <relation entry1="8" entry2="9" type="PPrel">
        <subtype name="activation" value="--&gt;"/>
    </relation>
    <relation entry1="9" entry2="19" type="PCrel">
        <subtype name="activation" value="--&gt;"/>
    </relation>
    <relation entry1="19" entry2="3" type="PCrel">
        <subtype name="activation" value="--&gt;"/>
    </relation>
    <relation entry1="3" entry2="21" type="PPrel">
        <subtype name="activation" value="--&gt;"/>
    </relation>
    <relation entry1="3" entry2="22" type="PPrel">
        <subtype name="activation" value="--&gt;"/>
    </relation>
    <relation entry1="3" entry2="23" type="PPrel">
        <subtype name="activation" value="--&gt;"/>
    </relation>
    <relation entry1="3" entry2="24" type="PPrel">
        <subtype name="activation" value="--&gt;"/>
    </relation>
    <relation entry1="5" entry2="6" type="PPrel">
        <subtype name="activation" value="--&gt;"/>
    </relation>
    <relation entry1="6" entry2="7" type="PPrel">
        <subtype name="activation" value="--&gt;"/>
    </relation>
    <relation entry1="7" entry2="17" type="PCrel">
        <subtype name="activation" value="--&gt;"/>
    </relation>
    <relation entry1="17" entry2="20" type="PCrel">
        <subtype name="activation" value="--&gt;"/>
    </relation>
    <relation entry1="20" entry2="21" type="PPrel">
        <subtype name="activation" value="--&gt;"/>
    </relation>
    <relation entry1="20" entry2="22" type="PPrel">
        <subtype name="activation" value="--&gt;"/>
    </relation>
    <relation entry1="20" entry2="23" type="PPrel">
        <subtype name="activation" value="--&gt;"/>
    </relation>
    <relation entry1="20" entry2="24" type="PPrel">
        <subtype name="activation" value="--&gt;"/>
    </relation>
    <relation entry1="7" entry2="18" type="PCrel">
        <subtype name="activation" value="--&gt;"/>
    </relation>
    <relation entry1="18" entry2="59" type="PCrel">
        <subtype name="activation" value="--&gt;"/>
    </relation>
    <relation entry1="21" entry2="10" type="GErel">
        <subtype name="expression" value="--&gt;"/>
    </relation>
    <relation entry1="22" entry2="10" type="GErel">
        <subtype name="expression" value="--&gt;"/>
    </relation>
    <relation entry1="23" entry2="10" type="GErel">
        <subtype name="expression" value="--&gt;"/>
    </relation>
    <relation entry1="24" entry2="10" type="GErel">
        <subtype name="expression" value="--&gt;"/>
    </relation>
    <relation entry1="88" entry2="65" type="PPrel">
        <subtype name="binding/association" value="---"/>
    </relation>
    <relation entry1="29" entry2="28" type="PCrel">
        <subtype name="binding/association" value="---"/>
    </relation>
    <relation entry1="30" entry2="28" type="PCrel">
        <subtype name="binding/association" value="---"/>
    </relation>
    <relation entry1="32" entry2="31" type="PCrel">
        <subtype name="binding/association" value="---"/>
    </relation>
    <relation entry1="33" entry2="31" type="PCrel">
        <subtype name="binding/association" value="---"/>
    </relation>
    <relation entry1="35" entry2="31" type="PCrel">
        <subtype name="binding/association" value="---"/>
    </relation>
    <relation entry1="34" entry2="31" type="PCrel">
        <subtype name="binding/association" value="---"/>
    </relation>
    <relation entry1="37" entry2="36" type="PCrel">
        <subtype name="binding/association" value="---"/>
    </relation>
    <relation entry1="38" entry2="36" type="PCrel">
        <subtype name="binding/association" value="---"/>
    </relation>
    <relation entry1="40" entry2="36" type="PCrel">
        <subtype name="binding/association" value="---"/>
    </relation>
    <relation entry1="39" entry2="36" type="PCrel">
        <subtype name="binding/association" value="---"/>
    </relation>
    <relation entry1="75" entry2="76" type="PPrel">
        <subtype name="binding/association" value="---"/>
    </relation>
</pathway>
