<?xml version="1.0"?>
<!DOCTYPE pathway SYSTEM "http://www.kegg.jp/kegg/xml/KGML_v0.7.2_.dtd">
<!-- Creation date: Oct 23, 2015 10:31:30 +0900 (GMT+9) -->
<pathway name="path:ko04971" org="ko" number="04971"
         title="Gastric acid secretion"
         image="http://www.kegg.jp/kegg/pathway/ko/ko04971.png"
         link="http://www.kegg.jp/kegg-bin/show_pathway?ko04971">
    <entry id="1" name="path:ko04971" type="map"
        link="http://www.kegg.jp/dbget-bin/www_bget?ko04971">
        <graphics name="TITLE:Gastric acid secretion" fgcolor="#000000" bgcolor="#FFFFFF"
             type="roundrectangle" x="151" y="58" width="221" height="25"/>
    </entry>
    <entry id="2" name="cpd:C00388" type="compound"
        link="http://www.kegg.jp/dbget-bin/www_bget?C00388">
        <graphics name="C00388" fgcolor="#000000" bgcolor="#FFFFFF"
             type="circle" x="149" y="483" width="8" height="8"/>
    </entry>
    <entry id="3" name="ko:K04195" type="ortholog"
        link="http://www.kegg.jp/dbget-bin/www_bget?K04195">
        <graphics name="K04195" fgcolor="#000000" bgcolor="#BFBFFF"
             type="rectangle" x="224" y="376" width="46" height="17"/>
    </entry>
    <entry id="4" name="ko:K04131" type="ortholog"
        link="http://www.kegg.jp/dbget-bin/www_bget?K04131">
        <graphics name="K04131" fgcolor="#000000" bgcolor="#BFBFFF"
             type="rectangle" x="224" y="288" width="46" height="17"/>
    </entry>
    <entry id="5" name="ko:K08041 ko:K08042 ko:K08043 ko:K08044 ko:K08045 ko:K08046 ko:K08047 ko:K08048 ko:K08049" type="ortholog"
        link="http://www.kegg.jp/dbget-bin/www_bget?K08041+K08042+K08043+K08044+K08045+K08046+K08047+K08048+K08049">
        <graphics name="K08041..." fgcolor="#000000" bgcolor="#BFBFFF"
             type="rectangle" x="224" y="538" width="46" height="17"/>
    </entry>
    <entry id="6" name="cpd:C00575" type="compound"
        link="http://www.kegg.jp/dbget-bin/www_bget?C00575">
        <graphics name="C00575" fgcolor="#000000" bgcolor="#FFFFFF"
             type="circle" x="338" y="540" width="8" height="8"/>
    </entry>
    <entry id="7" name="ko:K04345" type="ortholog"
        link="http://www.kegg.jp/dbget-bin/www_bget?K04345">
        <graphics name="K04345" fgcolor="#000000" bgcolor="#BFBFFF"
             type="rectangle" x="401" y="542" width="46" height="17"/>
    </entry>
    <entry id="8" name="ko:K04634" type="ortholog"
        link="http://www.kegg.jp/dbget-bin/www_bget?K04634">
        <graphics name="K04634" fgcolor="#000000" bgcolor="#BFBFFF"
             type="rectangle" x="302" y="327" width="46" height="17"/>
    </entry>
    <entry id="9" name="ko:K05858" type="ortholog"
        link="http://www.kegg.jp/dbget-bin/www_bget?K05858">
        <graphics name="K05858" fgcolor="#000000" bgcolor="#BFBFFF"
             type="rectangle" x="382" y="327" width="46" height="17"/>
    </entry>
    <entry id="10" name="ko:K04958 ko:K04959 ko:K04960" type="ortholog"
        link="http://www.kegg.jp/dbget-bin/www_bget?K04958+K04959+K04960">
        <graphics name="K04958..." fgcolor="#000000" bgcolor="#BFBFFF"
             type="rectangle" x="499" y="392" width="46" height="17"/>
    </entry>
    <entry id="11" name="cpd:C01245" type="compound"
        link="http://www.kegg.jp/dbget-bin/www_bget?C01245">
        <graphics name="C01245" fgcolor="#000000" bgcolor="#FFFFFF"
             type="circle" x="439" y="349" width="8" height="8"/>
    </entry>
    <entry id="12" name="cpd:C00076" type="compound"
        link="http://www.kegg.jp/dbget-bin/www_bget?C00076">
        <graphics name="C00076" fgcolor="#000000" bgcolor="#FFFFFF"
             type="circle" x="391" y="392" width="8" height="8"/>
    </entry>
    <entry id="13" name="ko:K04150" type="ortholog"
        link="http://www.kegg.jp/dbget-bin/www_bget?K04150">
        <graphics name="K04150" fgcolor="#000000" bgcolor="#BFBFFF"
             type="rectangle" x="224" y="484" width="46" height="17"/>
    </entry>
    <entry id="14" name="cpd:C00165" type="compound"
        link="http://www.kegg.jp/dbget-bin/www_bget?C00165">
        <graphics name="C00165" fgcolor="#000000" bgcolor="#FFFFFF"
             type="circle" x="467" y="294" width="8" height="8"/>
    </entry>
    <entry id="15" name="ko:K02677 ko:K19662 ko:K19663" type="ortholog"
        link="http://www.kegg.jp/dbget-bin/www_bget?K02677+K19662+K19663">
        <graphics name="K02677..." fgcolor="#000000" bgcolor="#BFBFFF"
             type="rectangle" x="539" y="297" width="46" height="17"/>
    </entry>
    <entry id="16" name="ko:K01542 ko:K01543" type="ortholog"
        link="http://www.kegg.jp/dbget-bin/www_bget?K01542+K01543">
        <graphics name="K01542..." fgcolor="#000000" bgcolor="#BFBFFF"
             type="rectangle" x="736" y="548" width="46" height="17"/>
    </entry>
    <entry id="17" name="cpd:C00080" type="compound"
        link="http://www.kegg.jp/dbget-bin/www_bget?C00080">
        <graphics name="C00080" fgcolor="#000000" bgcolor="#FFFFFF"
             type="circle" x="671" y="552" width="8" height="8"/>
    </entry>
    <entry id="18" name="cpd:C01996" type="compound"
        link="http://www.kegg.jp/dbget-bin/www_bget?C01996">
        <graphics name="C01996" fgcolor="#000000" bgcolor="#FFFFFF"
             type="circle" x="149" y="287" width="8" height="8"/>
    </entry>
    <entry id="19" name="ko:K13768" type="ortholog"
        link="http://www.kegg.jp/dbget-bin/www_bget?K13768">
        <graphics name="K13768" fgcolor="#000000" bgcolor="#BFBFFF"
             type="rectangle" x="143" y="376" width="46" height="17"/>
    </entry>
    <entry id="20" name="cpd:C00001" type="compound"
        link="http://www.kegg.jp/dbget-bin/www_bget?C00001">
        <graphics name="C00001" fgcolor="#000000" bgcolor="#FFFFFF"
             type="circle" x="575" y="713" width="8" height="8"/>
    </entry>
    <entry id="21" name="cpd:C00011" type="compound"
        link="http://www.kegg.jp/dbget-bin/www_bget?C00011">
        <graphics name="C00011" fgcolor="#000000" bgcolor="#FFFFFF"
             type="circle" x="577" y="755" width="8" height="8"/>
    </entry>
    <entry id="22" name="ko:K04632" type="ortholog"
        link="http://www.kegg.jp/dbget-bin/www_bget?K04632">
        <graphics name="K04632" fgcolor="#000000" bgcolor="#BFBFFF"
             type="rectangle" x="297" y="515" width="46" height="17"/>
    </entry>
    <entry id="23" name="cpd:C00238" type="compound"
        link="http://www.kegg.jp/dbget-bin/www_bget?C00238">
        <graphics name="C00238" fgcolor="#000000" bgcolor="#FFFFFF"
             type="circle" x="786" y="542" width="8" height="8"/>
    </entry>
    <entry id="24" name="ko:K05031" type="ortholog"
        link="http://www.kegg.jp/dbget-bin/www_bget?K05031">
        <graphics name="K05031" fgcolor="#000000" bgcolor="#BFBFFF"
             type="rectangle" x="736" y="594" width="46" height="17"/>
    </entry>
    <entry id="25" name="cpd:C00698" type="compound"
        link="http://www.kegg.jp/dbget-bin/www_bget?C00698">
        <graphics name="C00698" fgcolor="#000000" bgcolor="#FFFFFF"
             type="circle" x="672" y="594" width="8" height="8"/>
    </entry>
    <entry id="26" name="ko:K04913 ko:K04920" type="ortholog"
        link="http://www.kegg.jp/dbget-bin/www_bget?K04913+K04920">
        <graphics name="K04913..." fgcolor="#000000" bgcolor="#BFBFFF"
             type="rectangle" x="224" y="642" width="46" height="17"/>
    </entry>
    <entry id="27" name="ko:K01539 ko:K01540" type="ortholog"
        link="http://www.kegg.jp/dbget-bin/www_bget?K01539+K01540">
        <graphics name="K01539..." fgcolor="#000000" bgcolor="#BFBFFF"
             type="rectangle" x="224" y="681" width="46" height="17"/>
    </entry>
    <entry id="28" name="ko:K05742 ko:K13961" type="ortholog"
        link="http://www.kegg.jp/dbget-bin/www_bget?K05742+K13961">
        <graphics name="K05742..." fgcolor="#000000" bgcolor="#BFBFFF"
             type="rectangle" x="224" y="720" width="46" height="17"/>
    </entry>
    <entry id="29" name="ko:K13962 ko:K13855" type="ortholog"
        link="http://www.kegg.jp/dbget-bin/www_bget?K13962+K13855">
        <graphics name="K13962..." fgcolor="#000000" bgcolor="#BFBFFF"
             type="rectangle" x="224" y="765" width="46" height="17"/>
    </entry>
    <entry id="30" name="cpd:C00238" type="compound"
        link="http://www.kegg.jp/dbget-bin/www_bget?C00238">
        <graphics name="C00238" fgcolor="#000000" bgcolor="#FFFFFF"
             type="circle" x="276" y="640" width="8" height="8"/>
    </entry>
    <entry id="31" name="cpd:C00238" type="compound"
        link="http://www.kegg.jp/dbget-bin/www_bget?C00238">
        <graphics name="C00238" fgcolor="#000000" bgcolor="#FFFFFF"
             type="circle" x="170" y="676" width="8" height="8"/>
    </entry>
    <entry id="32" name="cpd:C01330" type="compound"
        link="http://www.kegg.jp/dbget-bin/www_bget?C01330">
        <graphics name="C01330" fgcolor="#000000" bgcolor="#FFFFFF"
             type="circle" x="276" y="685" width="8" height="8"/>
    </entry>
    <entry id="33" name="cpd:C01330" type="compound"
        link="http://www.kegg.jp/dbget-bin/www_bget?C01330">
        <graphics name="C01330" fgcolor="#000000" bgcolor="#FFFFFF"
             type="circle" x="170" y="717" width="8" height="8"/>
    </entry>
    <entry id="34" name="cpd:C00080" type="compound"
        link="http://www.kegg.jp/dbget-bin/www_bget?C00080">
        <graphics name="C00080" fgcolor="#000000" bgcolor="#FFFFFF"
             type="circle" x="276" y="725" width="8" height="8"/>
    </entry>
    <entry id="35" name="cpd:C00288" type="compound"
        link="http://www.kegg.jp/dbget-bin/www_bget?C00288">
        <graphics name="C00288" fgcolor="#000000" bgcolor="#FFFFFF"
             type="circle" x="276" y="768" width="8" height="8"/>
    </entry>
    <entry id="36" name="cpd:C00698" type="compound"
        link="http://www.kegg.jp/dbget-bin/www_bget?C00698">
        <graphics name="C00698" fgcolor="#000000" bgcolor="#FFFFFF"
             type="circle" x="170" y="760" width="8" height="8"/>
    </entry>
    <entry id="37" name="ko:K04896 ko:K04926" type="ortholog"
        link="http://www.kegg.jp/dbget-bin/www_bget?K04896+K04926">
        <graphics name="K04896..." fgcolor="#000000" bgcolor="#BFBFFF"
             type="rectangle" x="736" y="468" width="46" height="17"/>
    </entry>
    <entry id="38" name="cpd:C00238" type="compound"
        link="http://www.kegg.jp/dbget-bin/www_bget?C00238">
        <graphics name="C00238" fgcolor="#000000" bgcolor="#FFFFFF"
             type="circle" x="675" y="466" width="8" height="8"/>
    </entry>
    <entry id="39" name="ko:K08007" type="ortholog"
        link="http://www.kegg.jp/dbget-bin/www_bget?K08007">
        <graphics name="K08007" fgcolor="#000000" bgcolor="#BFBFFF"
             type="rectangle" x="483" y="543" width="46" height="17"/>
    </entry>
    <entry id="40" name="cpd:C01353" type="compound"
        link="http://www.kegg.jp/dbget-bin/www_bget?C01353">
        <graphics name="C01353" fgcolor="#000000" bgcolor="#FFFFFF"
             type="circle" x="474" y="735" width="8" height="8"/>
    </entry>
    <entry id="41" name="ko:K18245" type="ortholog"
        link="http://www.kegg.jp/dbget-bin/www_bget?K18245">
        <graphics name="K18245" fgcolor="#000000" bgcolor="#BFBFFF"
             type="rectangle" x="562" y="735" width="46" height="17"/>
    </entry>
    <entry id="42" name="cpd:C00011" type="compound"
        link="http://www.kegg.jp/dbget-bin/www_bget?C00011">
        <graphics name="C00011" fgcolor="#000000" bgcolor="#FFFFFF"
             type="circle" x="148" y="811" width="8" height="8"/>
    </entry>
    <entry id="43" name="cpd:C00080" type="compound"
        link="http://www.kegg.jp/dbget-bin/www_bget?C00080">
        <graphics name="C00080" fgcolor="#000000" bgcolor="#FFFFFF"
             type="circle" x="387" y="711" width="8" height="8"/>
    </entry>
    <entry id="44" name="ko:K04630" type="ortholog"
        link="http://www.kegg.jp/dbget-bin/www_bget?K04630">
        <graphics name="K04630" fgcolor="#000000" bgcolor="#BFBFFF"
             type="rectangle" x="298" y="573" width="46" height="17"/>
    </entry>
    <entry id="45" name="ko:K04218" type="ortholog"
        link="http://www.kegg.jp/dbget-bin/www_bget?K04218">
        <graphics name="K04218" fgcolor="#000000" bgcolor="#BFBFFF"
             type="rectangle" x="224" y="594" width="46" height="17"/>
    </entry>
    <entry id="46" name="ko:K05237" type="ortholog"
        link="http://www.kegg.jp/dbget-bin/www_bget?K05237">
        <graphics name="K05237" fgcolor="#000000" bgcolor="#BFBFFF"
             type="rectangle" x="144" y="594" width="46" height="17"/>
    </entry>
    <entry id="47" name="ko:K01542 ko:K01543" type="ortholog"
        link="http://www.kegg.jp/dbget-bin/www_bget?K01542+K01543">
        <graphics name="K01542..." fgcolor="#000000" bgcolor="#BFBFFF"
             type="rectangle" x="581" y="544" width="46" height="17"/>
    </entry>
    <entry id="48" name="path:ko04020" type="map"
        link="http://www.kegg.jp/dbget-bin/www_bget?ko04020">
        <graphics name="Calcium signaling pathway" fgcolor="#000000" bgcolor="#FFFFFF"
             type="roundrectangle" x="321" y="444" width="114" height="34"/>
    </entry>
    <entry id="49" name="ko:K04995 ko:K04996 ko:K05003 ko:K05008 ko:K05009" type="ortholog"
        link="http://www.kegg.jp/dbget-bin/www_bget?K04995+K04996+K05003+K05008+K05009">
        <graphics name="K04995..." fgcolor="#000000" bgcolor="#BFBFFF"
             type="rectangle" x="736" y="507" width="46" height="17"/>
    </entry>
    <entry id="50" name="cpd:C00238" type="compound"
        link="http://www.kegg.jp/dbget-bin/www_bget?C00238">
        <graphics name="C00238" fgcolor="#000000" bgcolor="#FFFFFF"
             type="circle" x="675" y="504" width="8" height="8"/>
    </entry>
    <entry id="51" name="path:ko04530" type="map"
        link="http://www.kegg.jp/dbget-bin/www_bget?ko04530">
        <graphics name="Tight junction" fgcolor="#000000" bgcolor="#FFFFFF"
             type="roundrectangle" x="731" y="173" width="108" height="25"/>
    </entry>
    <entry id="52" name="ko:K08007" type="ortholog"
        link="http://www.kegg.jp/dbget-bin/www_bget?K08007">
        <graphics name="K08007" fgcolor="#000000" bgcolor="#BFBFFF"
             type="rectangle" x="630" y="355" width="46" height="17"/>
    </entry>
    <entry id="54" name="ko:K02183" type="ortholog"
        link="http://www.kegg.jp/dbget-bin/www_bget?K02183">
        <graphics name="K02183" fgcolor="#000000" bgcolor="#BFBFFF"
             type="rectangle" x="423" y="427" width="46" height="17"/>
    </entry>
    <entry id="55" name="ko:K00907" type="ortholog"
        link="http://www.kegg.jp/dbget-bin/www_bget?K00907">
        <graphics name="K00907" fgcolor="#000000" bgcolor="#BFBFFF"
             type="rectangle" x="479" y="462" width="46" height="17"/>
    </entry>
    <entry id="56" name="ko:K04515" type="ortholog"
        link="http://www.kegg.jp/dbget-bin/www_bget?K04515">
        <graphics name="K04515" fgcolor="#000000" bgcolor="#BFBFFF"
             type="rectangle" x="423" y="462" width="46" height="17"/>
    </entry>
    <entry id="57" name="path:ko04974" type="map"
        link="http://www.kegg.jp/dbget-bin/www_bget?ko04974">
        <graphics name="Protein digestion and absorption" fgcolor="#000000" bgcolor="#FFFFFF"
             type="roundrectangle" x="864" y="639" width="114" height="34"/>
    </entry>
    <relation entry1="19" entry2="3" type="PPrel">
        <subtype name="activation" value="--&gt;"/>
    </relation>
    <relation entry1="3" entry2="8" type="PPrel">
        <subtype name="activation" value="--&gt;"/>
    </relation>
    <relation entry1="18" entry2="4" type="PCrel">
        <subtype name="activation" value="--&gt;"/>
    </relation>
    <relation entry1="4" entry2="8" type="PPrel">
        <subtype name="activation" value="--&gt;"/>
    </relation>
    <relation entry1="8" entry2="9" type="PPrel">
        <subtype name="activation" value="--&gt;"/>
    </relation>
    <relation entry1="14" entry2="9" type="PCrel">
        <subtype name="activation" value="--&gt;"/>
    </relation>
    <relation entry1="14" entry2="15" type="PCrel">
        <subtype name="activation" value="--&gt;"/>
    </relation>
    <relation entry1="9" entry2="11" type="PCrel">
        <subtype name="activation" value="--&gt;"/>
    </relation>
    <relation entry1="11" entry2="10" type="PCrel">
        <subtype name="activation" value="--&gt;"/>
    </relation>
    <relation entry1="12" entry2="54" type="PCrel">
        <subtype name="activation" value="--&gt;"/>
    </relation>
    <relation entry1="54" entry2="56" type="PPrel">
        <subtype name="activation" value="--&gt;"/>
    </relation>
    <relation entry1="54" entry2="55" type="PPrel">
        <subtype name="activation" value="--&gt;"/>
    </relation>
    <relation entry1="2" entry2="13" type="PCrel">
        <subtype name="activation" value="--&gt;"/>
    </relation>
    <relation entry1="13" entry2="22" type="PPrel">
        <subtype name="activation" value="--&gt;"/>
    </relation>
    <relation entry1="22" entry2="5" type="PPrel">
        <subtype name="activation" value="--&gt;"/>
    </relation>
    <relation entry1="5" entry2="6" type="PCrel">
        <subtype name="activation" value="--&gt;"/>
    </relation>
    <relation entry1="6" entry2="7" type="PCrel">
        <subtype name="activation" value="--&gt;"/>
    </relation>
    <relation entry1="46" entry2="45" type="PPrel">
        <subtype name="activation" value="--&gt;"/>
    </relation>
    <relation entry1="45" entry2="44" type="PPrel">
        <subtype name="activation" value="--&gt;"/>
    </relation>
    <relation entry1="15" entry2="52" type="PPrel">
        <subtype name="activation" value="--&gt;"/>
        <subtype name="phosphorylation" value="+p"/>
    </relation>
    <relation entry1="7" entry2="39" type="PPrel">
        <subtype name="activation" value="--&gt;"/>
        <subtype name="phosphorylation" value="+p"/>
    </relation>
    <relation entry1="44" entry2="5" type="PPrel">
        <subtype name="inhibition" value="--|"/>
    </relation>
    <relation entry1="6" entry2="37" type="PCrel">
        <subtype name="activation" value="--&gt;"/>
        <subtype name="indirect effect" value="..&gt;"/>
    </relation>
    <relation entry1="6" entry2="49" type="PCrel">
        <subtype name="activation" value="--&gt;"/>
        <subtype name="indirect effect" value="..&gt;"/>
    </relation>
</pathway>
