<?xml version="1.0"?>
<!DOCTYPE pathway SYSTEM "http://www.kegg.jp/kegg/xml/KGML_v0.7.2_.dtd">
<!-- Creation date: Aug 28, 2015 15:05:22 +0900 (GMT+9) -->
<pathway name="path:ko04080" org="ko" number="04080"
         title="Neuroactive ligand-receptor interaction"
         image="http://www.kegg.jp/kegg/pathway/ko/ko04080.png"
         link="http://www.kegg.jp/kegg-bin/show_pathway?ko04080">
    <entry id="1" name="ko:K01312 ko:K01313 ko:K01315 ko:K01319 ko:K01352" type="ortholog"
        link="http://www.kegg.jp/dbget-bin/www_bget?K01312+K01313+K01315+K01319+K01352">
        <graphics name="K01312..." fgcolor="#000000" bgcolor="#BFBFFF"
             type="rectangle" x="530" y="276" width="46" height="17"/>
    </entry>
    <entry id="2" name="cpd:C15906" type="compound"
        link="http://www.kegg.jp/dbget-bin/www_bget?C15906">
        <graphics name="C15906" fgcolor="#000000" bgcolor="#FFFFFF"
             type="circle" x="965" y="284" width="8" height="8"/>
    </entry>
    <entry id="3" name="cpd:C01501" type="compound"
        link="http://www.kegg.jp/dbget-bin/www_bget?C01501">
        <graphics name="C01501" fgcolor="#000000" bgcolor="#FFFFFF"
             type="circle" x="965" y="335" width="8" height="8"/>
    </entry>
    <entry id="4" name="cpd:C16048 cpd:C16049" type="compound"
        link="http://www.kegg.jp/dbget-bin/www_bget?C16048+C16049">
        <graphics name="C16048..." fgcolor="#000000" bgcolor="#FFFFFF"
             type="circle" x="965" y="386" width="8" height="8"/>
    </entry>
    <entry id="5" name="cpd:C16051 cpd:C16053" type="compound"
        link="http://www.kegg.jp/dbget-bin/www_bget?C16051+C16053">
        <graphics name="C16051..." fgcolor="#000000" bgcolor="#FFFFFF"
             type="circle" x="965" y="488" width="8" height="8"/>
    </entry>
    <entry id="6" name="cpd:C16085" type="compound"
        link="http://www.kegg.jp/dbget-bin/www_bget?C16085">
        <graphics name="C16085" fgcolor="#000000" bgcolor="#FFFFFF"
             type="circle" x="965" y="437" width="8" height="8"/>
    </entry>
    <entry id="7" name="cpd:C16088 cpd:C16089" type="compound"
        link="http://www.kegg.jp/dbget-bin/www_bget?C16088+C16089">
        <graphics name="C16088..." fgcolor="#000000" bgcolor="#FFFFFF"
             type="circle" x="965" y="539" width="8" height="8"/>
    </entry>
    <entry id="8" name="cpd:C13523" type="compound"
        link="http://www.kegg.jp/dbget-bin/www_bget?C13523">
        <graphics name="C13523" fgcolor="#000000" bgcolor="#FFFFFF"
             type="circle" x="965" y="590" width="8" height="8"/>
    </entry>
    <entry id="9" name="cpd:C16119" type="compound"
        link="http://www.kegg.jp/dbget-bin/www_bget?C16119">
        <graphics name="C16119" fgcolor="#000000" bgcolor="#FFFFFF"
             type="circle" x="965" y="641" width="8" height="8"/>
    </entry>
    <entry id="10" name="cpd:C16079 cpd:C16080 cpd:C16081 cpd:C16082" type="compound"
        link="http://www.kegg.jp/dbget-bin/www_bget?C16079+C16080+C16081+C16082">
        <graphics name="C16079..." fgcolor="#000000" bgcolor="#FFFFFF"
             type="circle" x="965" y="233" width="8" height="8"/>
    </entry>
    <entry id="11" name="cpd:C02166 cpd:C05951 cpd:C05952" type="compound"
        link="http://www.kegg.jp/dbget-bin/www_bget?C02166+C05951+C05952">
        <graphics name="C02166..." fgcolor="#000000" bgcolor="#FFFFFF"
             type="circle" x="758" y="957" width="8" height="8"/>
    </entry>
    <entry id="12" name="cpd:C16121 cpd:C16122 cpd:C16123 cpd:C16124 cpd:C16178" type="compound"
        link="http://www.kegg.jp/dbget-bin/www_bget?C16121+C16122+C16123+C16124+C16178">
        <graphics name="C16121..." fgcolor="#000000" bgcolor="#FFFFFF"
             type="circle" x="758" y="875" width="8" height="8"/>
    </entry>
    <entry id="13" name="ko:K04303" type="ortholog"
        link="http://www.kegg.jp/dbget-bin/www_bget?K04303">
        <graphics name="K04303" fgcolor="#000000" bgcolor="#BFBFFF"
             type="rectangle" x="822" y="792" width="46" height="17"/>
    </entry>
    <entry id="14" name="cpd:C15850" type="compound"
        link="http://www.kegg.jp/dbget-bin/www_bget?C15850">
        <graphics name="C15850" fgcolor="#000000" bgcolor="#FFFFFF"
             type="circle" x="758" y="792" width="8" height="8"/>
    </entry>
    <entry id="15" name="cpd:C03958" type="compound"
        link="http://www.kegg.jp/dbget-bin/www_bget?C03958">
        <graphics name="C03958" fgcolor="#000000" bgcolor="#FFFFFF"
             type="circle" x="758" y="409" width="8" height="8"/>
    </entry>
    <entry id="16" name="cpd:C07607 cpd:C16084" type="compound"
        link="http://www.kegg.jp/dbget-bin/www_bget?C07607+C16084">
        <graphics name="C07607..." fgcolor="#000000" bgcolor="#FFFFFF"
             type="circle" x="758" y="326" width="8" height="8"/>
    </entry>
    <entry id="17" name="ko:K04320 ko:K05054" type="ortholog"
        link="http://www.kegg.jp/dbget-bin/www_bget?K04320+K05054">
        <graphics name="K04320..." fgcolor="#000000" bgcolor="#BFBFFF"
             type="rectangle" x="614" y="409" width="46" height="17"/>
    </entry>
    <entry id="18" name="cpd:C16030" type="compound"
        link="http://www.kegg.jp/dbget-bin/www_bget?C16030">
        <graphics name="C16030" fgcolor="#000000" bgcolor="#FFFFFF"
             type="circle" x="549" y="409" width="8" height="8"/>
    </entry>
    <entry id="19" name="cpd:C16086 cpd:C16087" type="compound"
        link="http://www.kegg.jp/dbget-bin/www_bget?C16086+C16087">
        <graphics name="C16086..." fgcolor="#000000" bgcolor="#FFFFFF"
             type="circle" x="549" y="327" width="8" height="8"/>
    </entry>
    <entry id="20" name="cpd:C13662" type="compound"
        link="http://www.kegg.jp/dbget-bin/www_bget?C13662">
        <graphics name="C13662" fgcolor="#000000" bgcolor="#FFFFFF"
             type="circle" x="549" y="225" width="8" height="8"/>
    </entry>
    <entry id="21" name="cpd:C16016" type="compound"
        link="http://www.kegg.jp/dbget-bin/www_bget?C16016">
        <graphics name="C16016" fgcolor="#000000" bgcolor="#FFFFFF"
             type="circle" x="549" y="174" width="8" height="8"/>
    </entry>
    <entry id="22" name="cpd:C16098" type="compound"
        link="http://www.kegg.jp/dbget-bin/www_bget?C16098">
        <graphics name="C16098" fgcolor="#000000" bgcolor="#FFFFFF"
             type="circle" x="343" y="961" width="8" height="8"/>
    </entry>
    <entry id="23" name="cpd:C16097" type="compound"
        link="http://www.kegg.jp/dbget-bin/www_bget?C16097">
        <graphics name="C16097" fgcolor="#000000" bgcolor="#FFFFFF"
             type="circle" x="343" y="928" width="8" height="8"/>
    </entry>
    <entry id="24" name="cpd:C16094" type="compound"
        link="http://www.kegg.jp/dbget-bin/www_bget?C16094">
        <graphics name="C16094" fgcolor="#000000" bgcolor="#FFFFFF"
             type="circle" x="343" y="896" width="8" height="8"/>
    </entry>
    <entry id="25" name="cpd:C16021 cpd:C16022" type="compound"
        link="http://www.kegg.jp/dbget-bin/www_bget?C16021+C16022">
        <graphics name="C16021..." fgcolor="#000000" bgcolor="#FFFFFF"
             type="circle" x="343" y="834" width="8" height="8"/>
    </entry>
    <entry id="26" name="cpd:C00746" type="compound"
        link="http://www.kegg.jp/dbget-bin/www_bget?C00746">
        <graphics name="C00746" fgcolor="#000000" bgcolor="#FFFFFF"
             type="circle" x="343" y="783" width="8" height="8"/>
    </entry>
    <entry id="27" name="cpd:C16105 cpd:C16106" type="compound"
        link="http://www.kegg.jp/dbget-bin/www_bget?C16105+C16106">
        <graphics name="C16105..." fgcolor="#000000" bgcolor="#FFFFFF"
             type="circle" x="343" y="732" width="8" height="8"/>
    </entry>
    <entry id="28" name="cpd:C01836" type="compound"
        link="http://www.kegg.jp/dbget-bin/www_bget?C01836">
        <graphics name="C01836" fgcolor="#000000" bgcolor="#FFFFFF"
             type="circle" x="343" y="630" width="8" height="8"/>
    </entry>
    <entry id="29" name="cpd:C16032 cpd:C16033 cpd:C16034 cpd:C16035" type="compound"
        link="http://www.kegg.jp/dbget-bin/www_bget?C16032+C16033+C16034+C16035">
        <graphics name="C16032..." fgcolor="#000000" bgcolor="#FFFFFF"
             type="circle" x="343" y="579" width="8" height="8"/>
    </entry>
    <entry id="30" name="cpd:C15949 cpd:C16118 cpd:C16117" type="compound"
        link="http://www.kegg.jp/dbget-bin/www_bget?C15949+C16118+C16117">
        <graphics name="C15949..." fgcolor="#000000" bgcolor="#FFFFFF"
             type="circle" x="343" y="528" width="8" height="8"/>
    </entry>
    <entry id="31" name="cpd:C16112" type="compound"
        link="http://www.kegg.jp/dbget-bin/www_bget?C16112">
        <graphics name="C16112" fgcolor="#000000" bgcolor="#FFFFFF"
             type="circle" x="343" y="477" width="8" height="8"/>
    </entry>
    <entry id="32" name="cpd:C15869" type="compound"
        link="http://www.kegg.jp/dbget-bin/www_bget?C15869">
        <graphics name="C15869" fgcolor="#000000" bgcolor="#FFFFFF"
             type="circle" x="343" y="426" width="8" height="8"/>
    </entry>
    <entry id="33" name="cpd:C16047" type="compound"
        link="http://www.kegg.jp/dbget-bin/www_bget?C16047">
        <graphics name="C16047" fgcolor="#000000" bgcolor="#FFFFFF"
             type="circle" x="343" y="375" width="8" height="8"/>
    </entry>
    <entry id="34" name="cpd:C02017" type="compound"
        link="http://www.kegg.jp/dbget-bin/www_bget?C02017">
        <graphics name="C02017" fgcolor="#000000" bgcolor="#FFFFFF"
             type="circle" x="343" y="317" width="8" height="8"/>
    </entry>
    <entry id="35" name="cpd:C02017 cpd:C02758 cpd:C16136 cpd:C16137" type="compound"
        link="http://www.kegg.jp/dbget-bin/www_bget?C02017+C02758+C16136+C16137">
        <graphics name="C02017..." fgcolor="#000000" bgcolor="#FFFFFF"
             type="circle" x="343" y="288" width="8" height="8"/>
    </entry>
    <entry id="36" name="cpd:C16090 cpd:C16091 cpd:C16092 cpd:C16093" type="compound"
        link="http://www.kegg.jp/dbget-bin/www_bget?C16090+C16091+C16092+C16093">
        <graphics name="C16090..." fgcolor="#000000" bgcolor="#FFFFFF"
             type="circle" x="343" y="227" width="8" height="8"/>
    </entry>
    <entry id="37" name="cpd:C16025" type="compound"
        link="http://www.kegg.jp/dbget-bin/www_bget?C16025">
        <graphics name="C16025" fgcolor="#000000" bgcolor="#FFFFFF"
             type="circle" x="343" y="176" width="8" height="8"/>
    </entry>
    <entry id="38" name="ko:K05251 ko:K08522" type="ortholog"
        link="http://www.kegg.jp/dbget-bin/www_bget?K05251+K08522">
        <graphics name="K05251..." fgcolor="#000000" bgcolor="#BFBFFF"
             type="rectangle" x="530" y="562" width="46" height="17"/>
    </entry>
    <entry id="39" name="ko:K08521 ko:K08522" type="ortholog"
        link="http://www.kegg.jp/dbget-bin/www_bget?K08521+K08522">
        <graphics name="K08521..." fgcolor="#000000" bgcolor="#BFBFFF"
             type="rectangle" x="530" y="511" width="46" height="17"/>
    </entry>
    <entry id="40" name="ko:K05250 ko:K08522" type="ortholog"
        link="http://www.kegg.jp/dbget-bin/www_bget?K05250+K08522">
        <graphics name="K05250..." fgcolor="#000000" bgcolor="#BFBFFF"
             type="rectangle" x="530" y="460" width="46" height="17"/>
    </entry>
    <entry id="41" name="ko:K04224" type="ortholog"
        link="http://www.kegg.jp/dbget-bin/www_bget?K04224">
        <graphics name="K04224" fgcolor="#000000" bgcolor="#BFBFFF"
             type="rectangle" x="407" y="961" width="46" height="17"/>
    </entry>
    <entry id="42" name="ko:K04223" type="ortholog"
        link="http://www.kegg.jp/dbget-bin/www_bget?K04223">
        <graphics name="K04223" fgcolor="#000000" bgcolor="#BFBFFF"
             type="rectangle" x="407" y="928" width="46" height="17"/>
    </entry>
    <entry id="43" name="ko:K08374" type="ortholog"
        link="http://www.kegg.jp/dbget-bin/www_bget?K08374">
        <graphics name="K08374" fgcolor="#000000" bgcolor="#BFBFFF"
             type="rectangle" x="407" y="227" width="46" height="17"/>
    </entry>
    <entry id="44" name="ko:K04200" type="ortholog"
        link="http://www.kegg.jp/dbget-bin/www_bget?K04200">
        <graphics name="K04200" fgcolor="#000000" bgcolor="#BFBFFF"
             type="rectangle" x="407" y="317" width="46" height="17"/>
    </entry>
    <entry id="45" name="cpd:C15901" type="compound"
        link="http://www.kegg.jp/dbget-bin/www_bget?C15901">
        <graphics name="C15901" fgcolor="#000000" bgcolor="#FFFFFF"
             type="circle" x="141" y="976" width="8" height="8"/>
    </entry>
    <entry id="46" name="cpd:C16010 cpd:C16012 cpd:C16013" type="compound"
        link="http://www.kegg.jp/dbget-bin/www_bget?C16010+C16012+C16013">
        <graphics name="C16010..." fgcolor="#000000" bgcolor="#FFFFFF"
             type="circle" x="141" y="925" width="8" height="8"/>
    </entry>
    <entry id="47" name="cpd:C16114" type="compound"
        link="http://www.kegg.jp/dbget-bin/www_bget?C16114">
        <graphics name="C16114" fgcolor="#000000" bgcolor="#FFFFFF"
             type="circle" x="141" y="874" width="8" height="8"/>
    </entry>
    <entry id="48" name="cpd:C15995 cpd:C16115" type="compound"
        link="http://www.kegg.jp/dbget-bin/www_bget?C15995+C16115">
        <graphics name="C15995..." fgcolor="#000000" bgcolor="#FFFFFF"
             type="circle" x="141" y="641" width="8" height="8"/>
    </entry>
    <entry id="49" name="cpd:C15856 cpd:C15855" type="compound"
        link="http://www.kegg.jp/dbget-bin/www_bget?C15856+C15855">
        <graphics name="C15856..." fgcolor="#000000" bgcolor="#FFFFFF"
             type="circle" x="141" y="586" width="8" height="8"/>
    </entry>
    <entry id="50" name="cpd:C02210 cpd:C11684 cpd:C16041 cpd:C16042 cpd:C16043 cpd:C15890 cpd:C15891 cpd:C01574 cpd:C16135 cpd:C01516" type="compound"
        link="http://www.kegg.jp/dbget-bin/www_bget?C02210+C11684+C16041+C16042+C16043+C15890+C15891+C01574+C16135+C01516">
        <graphics name="C02210..." fgcolor="#000000" bgcolor="#FFFFFF"
             type="circle" x="343" y="681" width="8" height="8"/>
    </entry>
    <entry id="51" name="cpd:C00780" type="compound"
        link="http://www.kegg.jp/dbget-bin/www_bget?C00780">
        <graphics name="C00780" fgcolor="#000000" bgcolor="#FFFFFF"
             type="circle" x="141" y="402" width="8" height="8"/>
    </entry>
    <entry id="52" name="cpd:C04598" type="compound"
        link="http://www.kegg.jp/dbget-bin/www_bget?C04598">
        <graphics name="C04598" fgcolor="#000000" bgcolor="#FFFFFF"
             type="circle" x="758" y="243" width="8" height="8"/>
    </entry>
    <entry id="53" name="ko:K05439" type="ortholog"
        link="http://www.kegg.jp/dbget-bin/www_bget?K05439">
        <graphics name="K05439" fgcolor="#000000" bgcolor="#BFBFFF"
             type="rectangle" x="1183" y="957" width="46" height="17"/>
    </entry>
    <entry id="54" name="ko:K05081" type="ortholog"
        link="http://www.kegg.jp/dbget-bin/www_bget?K05081">
        <graphics name="K05081" fgcolor="#000000" bgcolor="#BFBFFF"
             type="rectangle" x="1267" y="957" width="46" height="17"/>
    </entry>
    <entry id="55" name="ko:K05062" type="ortholog"
        link="http://www.kegg.jp/dbget-bin/www_bget?K05062">
        <graphics name="K05062" fgcolor="#000000" bgcolor="#BFBFFF"
             type="rectangle" x="1267" y="906" width="46" height="17"/>
    </entry>
    <entry id="56" name="ko:K05547 ko:K08362" type="ortholog"
        link="http://www.kegg.jp/dbget-bin/www_bget?K05547+K08362">
        <graphics name="K05547..." fgcolor="#000000" bgcolor="#BFBFFF"
             type="rectangle" x="1267" y="855" width="46" height="17"/>
    </entry>
    <entry id="57" name="ko:K05424" type="ortholog"
        link="http://www.kegg.jp/dbget-bin/www_bget?K05424">
        <graphics name="K05424" fgcolor="#000000" bgcolor="#BFBFFF"
             type="rectangle" x="1183" y="906" width="46" height="17"/>
    </entry>
    <entry id="58" name="ko:K05438" type="ortholog"
        link="http://www.kegg.jp/dbget-bin/www_bget?K05438">
        <graphics name="K05438" fgcolor="#000000" bgcolor="#BFBFFF"
             type="rectangle" x="1183" y="804" width="46" height="17"/>
    </entry>
    <entry id="59" name="ko:K05080" type="ortholog"
        link="http://www.kegg.jp/dbget-bin/www_bget?K05080">
        <graphics name="K05080" fgcolor="#000000" bgcolor="#BFBFFF"
             type="rectangle" x="1267" y="804" width="46" height="17"/>
    </entry>
    <entry id="60" name="ko:K05771" type="ortholog"
        link="http://www.kegg.jp/dbget-bin/www_bget?K05771">
        <graphics name="K05771" fgcolor="#000000" bgcolor="#BFBFFF"
             type="rectangle" x="1267" y="753" width="46" height="17"/>
    </entry>
    <entry id="61" name="ko:K05770" type="ortholog"
        link="http://www.kegg.jp/dbget-bin/www_bget?K05770">
        <graphics name="K05770" fgcolor="#000000" bgcolor="#BFBFFF"
             type="rectangle" x="1267" y="702" width="46" height="17"/>
    </entry>
    <entry id="62" name="ko:K05222" type="ortholog"
        link="http://www.kegg.jp/dbget-bin/www_bget?K05222">
        <graphics name="K05222" fgcolor="#000000" bgcolor="#BFBFFF"
             type="rectangle" x="1268" y="612" width="46" height="17"/>
    </entry>
    <entry id="63" name="ko:K05193 ko:K05194 ko:K05195 ko:K05196" type="ortholog"
        link="http://www.kegg.jp/dbget-bin/www_bget?K05193+K05194+K05195+K05196">
        <graphics name="K05193..." fgcolor="#000000" bgcolor="#BFBFFF"
             type="rectangle" x="1268" y="493" width="46" height="17"/>
    </entry>
    <entry id="64" name="ko:K05197 ko:K05198 ko:K05199 ko:K05200 ko:K05201 ko:K05202 ko:K05203 ko:K05204 ko:K05205 ko:K05206 ko:K05207 ko:K05208 ko:K05209 ko:K05210 ko:K05211 ko:K05212 ko:K05213 ko:K05214" type="ortholog"
        link="http://www.kegg.jp/dbget-bin/www_bget?K05197+K05198+K05199+K05200+K05201+K05202+K05203+K05204+K05205+K05206+K05207+K05208+K05209+K05210+K05211+K05212+K05213+K05214">
        <graphics name="K05197..." fgcolor="#000000" bgcolor="#BFBFFF"
             type="rectangle" x="1267" y="375" width="46" height="17"/>
    </entry>
    <entry id="65" name="ko:K05215 ko:K05216 ko:K05217 ko:K05218 ko:K05219 ko:K05220 ko:K05221" type="ortholog"
        link="http://www.kegg.jp/dbget-bin/www_bget?K05215+K05216+K05217+K05218+K05219+K05220+K05221">
        <graphics name="K05215..." fgcolor="#000000" bgcolor="#BFBFFF"
             type="rectangle" x="1267" y="294" width="46" height="17"/>
    </entry>
    <entry id="66" name="ko:K05175 ko:K05181 ko:K05184 ko:K05185 ko:K05186 ko:K05189 ko:K05190 ko:K05192" type="ortholog"
        link="http://www.kegg.jp/dbget-bin/www_bget?K05175+K05181+K05184+K05185+K05186+K05189+K05190+K05192">
        <graphics name="K05175..." fgcolor="#000000" bgcolor="#BFBFFF"
             type="rectangle" x="1267" y="193" width="46" height="17"/>
    </entry>
    <entry id="67" name="ko:K05208 ko:K05209 ko:K05210 ko:K05211 ko:K05212 ko:K05213 ko:K05214" type="ortholog"
        link="http://www.kegg.jp/dbget-bin/www_bget?K05208+K05209+K05210+K05211+K05212+K05213+K05214">
        <graphics name="K05208..." fgcolor="#000000" bgcolor="#BFBFFF"
             type="rectangle" x="1267" y="146" width="46" height="17"/>
    </entry>
    <entry id="68" name="cpd:C02465 cpd:C01829" type="compound"
        link="http://www.kegg.jp/dbget-bin/www_bget?C02465+C01829">
        <graphics name="C02465..." fgcolor="#000000" bgcolor="#FFFFFF"
             type="circle" x="1202" y="855" width="8" height="8"/>
    </entry>
    <entry id="69" name="cpd:C00735" type="compound"
        link="http://www.kegg.jp/dbget-bin/www_bget?C00735">
        <graphics name="C00735" fgcolor="#000000" bgcolor="#FFFFFF"
             type="circle" x="1202" y="753" width="8" height="8"/>
    </entry>
    <entry id="70" name="cpd:C05113" type="compound"
        link="http://www.kegg.jp/dbget-bin/www_bget?C05113">
        <graphics name="C05113" fgcolor="#000000" bgcolor="#FFFFFF"
             type="circle" x="1202" y="702" width="8" height="8"/>
    </entry>
    <entry id="72" name="cpd:C11695" type="compound"
        link="http://www.kegg.jp/dbget-bin/www_bget?C11695">
        <graphics name="C11695" fgcolor="#000000" bgcolor="#FFFFFF"
             type="circle" x="1202" y="628" width="8" height="8"/>
    </entry>
    <entry id="73" name="cpd:C12272" type="compound"
        link="http://www.kegg.jp/dbget-bin/www_bget?C12272">
        <graphics name="C12272" fgcolor="#000000" bgcolor="#FFFFFF"
             type="circle" x="1202" y="597" width="8" height="8"/>
    </entry>
    <entry id="74" name="cpd:C12271" type="compound"
        link="http://www.kegg.jp/dbget-bin/www_bget?C12271">
        <graphics name="C12271" fgcolor="#000000" bgcolor="#FFFFFF"
             type="circle" x="1202" y="567" width="8" height="8"/>
    </entry>
    <entry id="75" name="cpd:C00245" type="compound"
        link="http://www.kegg.jp/dbget-bin/www_bget?C00245">
        <graphics name="C00245" fgcolor="#000000" bgcolor="#FFFFFF"
             type="circle" x="1202" y="521" width="8" height="8"/>
    </entry>
    <entry id="76" name="cpd:C00099" type="compound"
        link="http://www.kegg.jp/dbget-bin/www_bget?C00099">
        <graphics name="C00099" fgcolor="#000000" bgcolor="#FFFFFF"
             type="circle" x="1202" y="493" width="8" height="8"/>
    </entry>
    <entry id="77" name="cpd:C00037" type="compound"
        link="http://www.kegg.jp/dbget-bin/www_bget?C00037">
        <graphics name="C00037" fgcolor="#000000" bgcolor="#FFFFFF"
             type="circle" x="1202" y="461" width="8" height="8"/>
    </entry>
    <entry id="79" name="cpd:C00506" type="compound"
        link="http://www.kegg.jp/dbget-bin/www_bget?C00506">
        <graphics name="C00506" fgcolor="#000000" bgcolor="#FFFFFF"
             type="circle" x="1202" y="391" width="8" height="8"/>
    </entry>
    <entry id="80" name="cpd:C00049" type="compound"
        link="http://www.kegg.jp/dbget-bin/www_bget?C00049">
        <graphics name="C00049" fgcolor="#000000" bgcolor="#FFFFFF"
             type="circle" x="1202" y="360" width="8" height="8"/>
    </entry>
    <entry id="81" name="cpd:C00025" type="compound"
        link="http://www.kegg.jp/dbget-bin/www_bget?C00025">
        <graphics name="C00025" fgcolor="#000000" bgcolor="#FFFFFF"
             type="circle" x="1202" y="330" width="8" height="8"/>
    </entry>
    <entry id="82" name="cpd:C00002 cpd:C00075 cpd:C00008 cpd:C00015" type="compound"
        link="http://www.kegg.jp/dbget-bin/www_bget?C00002+C00075+C00008+C00015">
        <graphics name="C00002..." fgcolor="#000000" bgcolor="#FFFFFF"
             type="circle" x="1202" y="294" width="8" height="8"/>
    </entry>
    <entry id="83" name="cpd:C00334" type="compound"
        link="http://www.kegg.jp/dbget-bin/www_bget?C00334">
        <graphics name="C00334" fgcolor="#000000" bgcolor="#FFFFFF"
             type="circle" x="1202" y="192" width="8" height="8"/>
    </entry>
    <entry id="84" name="cpd:C12270" type="compound"
        link="http://www.kegg.jp/dbget-bin/www_bget?C12270">
        <graphics name="C12270" fgcolor="#000000" bgcolor="#FFFFFF"
             type="circle" x="1202" y="147" width="8" height="8"/>
    </entry>
    <entry id="85" name="cpd:C00334" type="compound"
        link="http://www.kegg.jp/dbget-bin/www_bget?C00334">
        <graphics name="C00334" fgcolor="#000000" bgcolor="#FFFFFF"
             type="circle" x="965" y="914" width="8" height="8"/>
    </entry>
    <entry id="86" name="cpd:C00025 cpd:C00049 cpd:C00506" type="compound"
        link="http://www.kegg.jp/dbget-bin/www_bget?C00025+C00049+C00506">
        <graphics name="C00025..." fgcolor="#000000" bgcolor="#FFFFFF"
             type="circle" x="965" y="863" width="8" height="8"/>
    </entry>
    <entry id="87" name="ko:K04314" type="ortholog"
        link="http://www.kegg.jp/dbget-bin/www_bget?K04314">
        <graphics name="K04314" fgcolor="#000000" bgcolor="#BFBFFF"
             type="rectangle" x="614" y="327" width="46" height="17"/>
    </entry>
    <entry id="88" name="ko:K05268 ko:K08377" type="ortholog"
        link="http://www.kegg.jp/dbget-bin/www_bget?K05268+K08377">
        <graphics name="K05268..." fgcolor="#000000" bgcolor="#BFBFFF"
             type="rectangle" x="407" y="579" width="46" height="17"/>
    </entry>
    <entry id="89" name="ko:K05266" type="ortholog"
        link="http://www.kegg.jp/dbget-bin/www_bget?K05266">
        <graphics name="K05266" fgcolor="#000000" bgcolor="#BFBFFF"
             type="rectangle" x="407" y="375" width="46" height="17"/>
    </entry>
    <entry id="90" name="ko:K04615 ko:K04617" type="ortholog"
        link="http://www.kegg.jp/dbget-bin/www_bget?K04615+K04617">
        <graphics name="K04615..." fgcolor="#000000" bgcolor="#BFBFFF"
             type="rectangle" x="1029" y="914" width="46" height="17"/>
    </entry>
    <entry id="91" name="ko:K04603 ko:K04605 ko:K04607 ko:K04604 ko:K04608" type="ortholog"
        link="http://www.kegg.jp/dbget-bin/www_bget?K04603+K04605+K04607+K04604+K04608">
        <graphics name="K04603..." fgcolor="#000000" bgcolor="#BFBFFF"
             type="rectangle" x="1029" y="863" width="46" height="17"/>
    </entry>
    <entry id="92" name="ko:K04589 ko:K04590" type="ortholog"
        link="http://www.kegg.jp/dbget-bin/www_bget?K04589+K04590">
        <graphics name="K04589..." fgcolor="#000000" bgcolor="#BFBFFF"
             type="rectangle" x="1029" y="641" width="46" height="17"/>
    </entry>
    <entry id="93" name="ko:K04588" type="ortholog"
        link="http://www.kegg.jp/dbget-bin/www_bget?K04588">
        <graphics name="K04588" fgcolor="#000000" bgcolor="#BFBFFF"
             type="rectangle" x="1029" y="590" width="46" height="17"/>
    </entry>
    <entry id="94" name="ko:K04587" type="ortholog"
        link="http://www.kegg.jp/dbget-bin/www_bget?K04587">
        <graphics name="K04587" fgcolor="#000000" bgcolor="#BFBFFF"
             type="rectangle" x="1029" y="539" width="46" height="17"/>
    </entry>
    <entry id="95" name="ko:K04585 ko:K04586" type="ortholog"
        link="http://www.kegg.jp/dbget-bin/www_bget?K04585+K04586">
        <graphics name="K04585..." fgcolor="#000000" bgcolor="#BFBFFF"
             type="rectangle" x="1029" y="488" width="46" height="17"/>
    </entry>
    <entry id="96" name="ko:K04584" type="ortholog"
        link="http://www.kegg.jp/dbget-bin/www_bget?K04584">
        <graphics name="K04584" fgcolor="#000000" bgcolor="#BFBFFF"
             type="rectangle" x="1029" y="437" width="46" height="17"/>
    </entry>
    <entry id="97" name="ko:K04581 ko:K04582" type="ortholog"
        link="http://www.kegg.jp/dbget-bin/www_bget?K04581+K04582">
        <graphics name="K04581..." fgcolor="#000000" bgcolor="#BFBFFF"
             type="rectangle" x="1029" y="386" width="46" height="17"/>
    </entry>
    <entry id="98" name="ko:K04583" type="ortholog"
        link="http://www.kegg.jp/dbget-bin/www_bget?K04583">
        <graphics name="K04583" fgcolor="#000000" bgcolor="#BFBFFF"
             type="rectangle" x="1029" y="335" width="46" height="17"/>
    </entry>
    <entry id="99" name="ko:K04580" type="ortholog"
        link="http://www.kegg.jp/dbget-bin/www_bget?K04580">
        <graphics name="K04580" fgcolor="#000000" bgcolor="#BFBFFF"
             type="rectangle" x="1029" y="284" width="46" height="17"/>
    </entry>
    <entry id="100" name="ko:K04578 ko:K04579" type="ortholog"
        link="http://www.kegg.jp/dbget-bin/www_bget?K04578+K04579">
        <graphics name="K04578..." fgcolor="#000000" bgcolor="#BFBFFF"
             type="rectangle" x="1029" y="233" width="46" height="17"/>
    </entry>
    <entry id="101" name="ko:K04576 ko:K04577" type="ortholog"
        link="http://www.kegg.jp/dbget-bin/www_bget?K04576+K04577">
        <graphics name="K04576..." fgcolor="#000000" bgcolor="#BFBFFF"
             type="rectangle" x="1029" y="182" width="46" height="17"/>
    </entry>
    <entry id="102" name="ko:K04322 ko:K04323" type="ortholog"
        link="http://www.kegg.jp/dbget-bin/www_bget?K04322+K04323">
        <graphics name="K04322..." fgcolor="#000000" bgcolor="#BFBFFF"
             type="rectangle" x="822" y="958" width="46" height="17"/>
    </entry>
    <entry id="103" name="ko:K04306 ko:K04307 ko:K08397 ko:K08398" type="ortholog"
        link="http://www.kegg.jp/dbget-bin/www_bget?K04306+K04307+K08397+K08398">
        <graphics name="K04306..." fgcolor="#000000" bgcolor="#BFBFFF"
             type="rectangle" x="822" y="875" width="46" height="17"/>
    </entry>
    <entry id="104" name="ko:K04296 ko:K04297" type="ortholog"
        link="http://www.kegg.jp/dbget-bin/www_bget?K04296+K04297">
        <graphics name="K04296..." fgcolor="#000000" bgcolor="#BFBFFF"
             type="rectangle" x="822" y="709" width="46" height="17"/>
    </entry>
    <entry id="105" name="ko:K04288 ko:K04290 ko:K04292 ko:K04293 ko:K04295" type="ortholog"
        link="http://www.kegg.jp/dbget-bin/www_bget?K04288+K04290+K04292+K04293+K04295">
        <graphics name="K04288..." fgcolor="#000000" bgcolor="#BFBFFF"
             type="rectangle" x="822" y="626" width="46" height="17"/>
    </entry>
    <entry id="106" name="ko:K04275 ko:K04289 ko:K04291 ko:K04294" type="ortholog"
        link="http://www.kegg.jp/dbget-bin/www_bget?K04275+K04289+K04291+K04294">
        <graphics name="K04275..." fgcolor="#000000" bgcolor="#BFBFFF"
             type="rectangle" x="822" y="575" width="46" height="17"/>
    </entry>
    <entry id="107" name="ko:K04285 ko:K04286 ko:K04287" type="ortholog"
        link="http://www.kegg.jp/dbget-bin/www_bget?K04285+K04286+K04287">
        <graphics name="K04285..." fgcolor="#000000" bgcolor="#BFBFFF"
             type="rectangle" x="822" y="492" width="46" height="17"/>
    </entry>
    <entry id="108" name="ko:K04282" type="ortholog"
        link="http://www.kegg.jp/dbget-bin/www_bget?K04282">
        <graphics name="K04282" fgcolor="#000000" bgcolor="#BFBFFF"
             type="rectangle" x="822" y="409" width="46" height="17"/>
    </entry>
    <entry id="109" name="cpd:C06865 cpd:C16127 cpd:C16130 cpd:C16125 cpd:C16126" type="compound"
        link="http://www.kegg.jp/dbget-bin/www_bget?C06865+C16127+C16130+C16125+C16126">
        <graphics name="C06865..." fgcolor="#000000" bgcolor="#FFFFFF"
             type="circle" x="965" y="182" width="8" height="8"/>
    </entry>
    <entry id="110" name="cpd:C02165" type="compound"
        link="http://www.kegg.jp/dbget-bin/www_bget?C02165">
        <graphics name="C02165" fgcolor="#000000" bgcolor="#FFFFFF"
             type="circle" x="758" y="709" width="8" height="8"/>
    </entry>
    <entry id="111" name="cpd:C06124 cpd:C01120" type="compound"
        link="http://www.kegg.jp/dbget-bin/www_bget?C06124+C01120">
        <graphics name="C06124..." fgcolor="#000000" bgcolor="#FFFFFF"
             type="circle" x="758" y="626" width="8" height="8"/>
    </entry>
    <entry id="113" name="cpd:C01598" type="compound"
        link="http://www.kegg.jp/dbget-bin/www_bget?C01598">
        <graphics name="C01598" fgcolor="#000000" bgcolor="#FFFFFF"
             type="circle" x="758" y="492" width="8" height="8"/>
    </entry>
    <entry id="114" name="cpd:C11695 cpd:C13856" type="compound"
        link="http://www.kegg.jp/dbget-bin/www_bget?C11695+C13856">
        <graphics name="C11695..." fgcolor="#000000" bgcolor="#FFFFFF"
             type="circle" x="758" y="160" width="8" height="8"/>
    </entry>
    <entry id="115" name="cpd:C00002 cpd:C00075 cpd:C00008 cpd:C00015" type="compound"
        link="http://www.kegg.jp/dbget-bin/www_bget?C00002+C00075+C00008+C00015">
        <graphics name="C00002..." fgcolor="#000000" bgcolor="#FFFFFF"
             type="circle" x="549" y="927" width="8" height="8"/>
    </entry>
    <entry id="116" name="cpd:C00212" type="compound"
        link="http://www.kegg.jp/dbget-bin/www_bget?C00212">
        <graphics name="C00212" fgcolor="#000000" bgcolor="#FFFFFF"
             type="circle" x="549" y="876" width="8" height="8"/>
    </entry>
    <entry id="117" name="cpd:C02198" type="compound"
        link="http://www.kegg.jp/dbget-bin/www_bget?C02198">
        <graphics name="C02198" fgcolor="#000000" bgcolor="#FFFFFF"
             type="circle" x="549" y="793" width="8" height="8"/>
    </entry>
    <entry id="118" name="cpd:C01312" type="compound"
        link="http://www.kegg.jp/dbget-bin/www_bget?C01312">
        <graphics name="C01312" fgcolor="#000000" bgcolor="#FFFFFF"
             type="circle" x="549" y="742" width="8" height="8"/>
    </entry>
    <entry id="119" name="cpd:C00639" type="compound"
        link="http://www.kegg.jp/dbget-bin/www_bget?C00639">
        <graphics name="C00639" fgcolor="#000000" bgcolor="#FFFFFF"
             type="circle" x="549" y="709" width="8" height="8"/>
    </entry>
    <entry id="120" name="cpd:C00584" type="compound"
        link="http://www.kegg.jp/dbget-bin/www_bget?C00584">
        <graphics name="C00584" fgcolor="#000000" bgcolor="#FFFFFF"
             type="circle" x="549" y="676" width="8" height="8"/>
    </entry>
    <entry id="121" name="cpd:C00696" type="compound"
        link="http://www.kegg.jp/dbget-bin/www_bget?C00696">
        <graphics name="C00696" fgcolor="#000000" bgcolor="#FFFFFF"
             type="circle" x="549" y="644" width="8" height="8"/>
    </entry>
    <entry id="122" name="ko:K04280" type="ortholog"
        link="http://www.kegg.jp/dbget-bin/www_bget?K04280">
        <graphics name="K04280" fgcolor="#000000" bgcolor="#BFBFFF"
             type="rectangle" x="822" y="326" width="46" height="17"/>
    </entry>
    <entry id="123" name="ko:K04279" type="ortholog"
        link="http://www.kegg.jp/dbget-bin/www_bget?K04279">
        <graphics name="K04279" fgcolor="#000000" bgcolor="#BFBFFF"
             type="rectangle" x="823" y="243" width="46" height="17"/>
    </entry>
    <entry id="124" name="ko:K04277 ko:K04278" type="ortholog"
        link="http://www.kegg.jp/dbget-bin/www_bget?K04277+K04278">
        <graphics name="K04277..." fgcolor="#000000" bgcolor="#BFBFFF"
             type="rectangle" x="822" y="160" width="46" height="17"/>
    </entry>
    <entry id="125" name="ko:K04269 ko:K04270 ko:K04271 ko:K04272 ko:K04273 ko:K04274 ko:K04275 ko:K04276 ko:K04299 ko:K08386 ko:K08387 ko:K08388" type="ortholog"
        link="http://www.kegg.jp/dbget-bin/www_bget?K04269+K04270+K04271+K04272+K04273+K04274+K04275+K04276+K04299+K08386+K08387+K08388">
        <graphics name="K04269..." fgcolor="#000000" bgcolor="#BFBFFF"
             type="rectangle" x="614" y="927" width="46" height="17"/>
    </entry>
    <entry id="126" name="ko:K04265 ko:K04266 ko:K04267 ko:K04268" type="ortholog"
        link="http://www.kegg.jp/dbget-bin/www_bget?K04265+K04266+K04267+K04268">
        <graphics name="K04265..." fgcolor="#000000" bgcolor="#BFBFFF"
             type="rectangle" x="614" y="876" width="46" height="17"/>
    </entry>
    <entry id="127" name="ko:K04264" type="ortholog"
        link="http://www.kegg.jp/dbget-bin/www_bget?K04264">
        <graphics name="K04264" fgcolor="#000000" bgcolor="#BFBFFF"
             type="rectangle" x="614" y="793" width="46" height="17"/>
    </entry>
    <entry id="128" name="ko:K04263" type="ortholog"
        link="http://www.kegg.jp/dbget-bin/www_bget?K04263">
        <graphics name="K04263" fgcolor="#000000" bgcolor="#BFBFFF"
             type="rectangle" x="614" y="742" width="46" height="17"/>
    </entry>
    <entry id="129" name="ko:K04262" type="ortholog"
        link="http://www.kegg.jp/dbget-bin/www_bget?K04262">
        <graphics name="K04262" fgcolor="#000000" bgcolor="#BFBFFF"
             type="rectangle" x="614" y="709" width="46" height="17"/>
    </entry>
    <entry id="130" name="ko:K04258 ko:K04259 ko:K04260 ko:K04261" type="ortholog"
        link="http://www.kegg.jp/dbget-bin/www_bget?K04258+K04259+K04260+K04261">
        <graphics name="K04258..." fgcolor="#000000" bgcolor="#BFBFFF"
             type="rectangle" x="614" y="676" width="46" height="17"/>
    </entry>
    <entry id="131" name="ko:K04332" type="ortholog"
        link="http://www.kegg.jp/dbget-bin/www_bget?K04332">
        <graphics name="K04332" fgcolor="#000000" bgcolor="#BFBFFF"
             type="rectangle" x="614" y="644" width="46" height="17"/>
    </entry>
    <entry id="132" name="ko:K04249" type="ortholog"
        link="http://www.kegg.jp/dbget-bin/www_bget?K04249">
        <graphics name="K04249" fgcolor="#000000" bgcolor="#BFBFFF"
             type="rectangle" x="614" y="562" width="46" height="17"/>
    </entry>
    <entry id="133" name="ko:K04248" type="ortholog"
        link="http://www.kegg.jp/dbget-bin/www_bget?K04248">
        <graphics name="K04248" fgcolor="#000000" bgcolor="#BFBFFF"
             type="rectangle" x="614" y="511" width="46" height="17"/>
    </entry>
    <entry id="134" name="ko:K04247" type="ortholog"
        link="http://www.kegg.jp/dbget-bin/www_bget?K04247">
        <graphics name="K04247" fgcolor="#000000" bgcolor="#BFBFFF"
             type="rectangle" x="614" y="460" width="46" height="17"/>
    </entry>
    <entry id="135" name="ko:K05052 ko:K05053" type="ortholog"
        link="http://www.kegg.jp/dbget-bin/www_bget?K05052+K05053">
        <graphics name="K05052..." fgcolor="#000000" bgcolor="#BFBFFF"
             type="rectangle" x="407" y="426" width="46" height="17"/>
    </entry>
    <entry id="136" name="ko:K04241" type="ortholog"
        link="http://www.kegg.jp/dbget-bin/www_bget?K04241">
        <graphics name="K04241" fgcolor="#000000" bgcolor="#BFBFFF"
             type="rectangle" x="614" y="174" width="46" height="17"/>
    </entry>
    <entry id="137" name="ko:K04240 ko:K08375" type="ortholog"
        link="http://www.kegg.jp/dbget-bin/www_bget?K04240+K08375">
        <graphics name="K04240..." fgcolor="#000000" bgcolor="#BFBFFF"
             type="rectangle" x="407" y="477" width="46" height="17"/>
    </entry>
    <entry id="138" name="ko:K04238 ko:K04239" type="ortholog"
        link="http://www.kegg.jp/dbget-bin/www_bget?K04238+K04239">
        <graphics name="K04238..." fgcolor="#000000" bgcolor="#BFBFFF"
             type="rectangle" x="407" y="732" width="46" height="17"/>
    </entry>
    <entry id="139" name="ko:K03914 ko:K04234 ko:K04235 ko:K04236 ko:K04237" type="ortholog"
        link="http://www.kegg.jp/dbget-bin/www_bget?K03914+K04234+K04235+K04236+K04237">
        <graphics name="K03914..." fgcolor="#000000" bgcolor="#BFBFFF"
             type="rectangle" x="614" y="276" width="46" height="17"/>
    </entry>
    <entry id="140" name="ko:K04230 ko:K04231 ko:K04232 ko:K04233" type="ortholog"
        link="http://www.kegg.jp/dbget-bin/www_bget?K04230+K04231+K04232+K04233">
        <graphics name="K04230..." fgcolor="#000000" bgcolor="#BFBFFF"
             type="rectangle" x="205" y="976" width="46" height="17"/>
    </entry>
    <entry id="141" name="ko:K04229" type="ortholog"
        link="http://www.kegg.jp/dbget-bin/www_bget?K04229">
        <graphics name="K04229" fgcolor="#000000" bgcolor="#BFBFFF"
             type="rectangle" x="407" y="783" width="46" height="17"/>
    </entry>
    <entry id="142" name="ko:K04226 ko:K04227 ko:K04228" type="ortholog"
        link="http://www.kegg.jp/dbget-bin/www_bget?K04226+K04227+K04228">
        <graphics name="K04226..." fgcolor="#000000" bgcolor="#BFBFFF"
             type="rectangle" x="614" y="225" width="46" height="17"/>
    </entry>
    <entry id="143" name="ko:K04222 ko:K04225" type="ortholog"
        link="http://www.kegg.jp/dbget-bin/www_bget?K04222+K04225">
        <graphics name="K04222..." fgcolor="#000000" bgcolor="#BFBFFF"
             type="rectangle" x="407" y="896" width="46" height="17"/>
    </entry>
    <entry id="144" name="ko:K04217 ko:K04218 ko:K04219 ko:K04220 ko:K04221" type="ortholog"
        link="http://www.kegg.jp/dbget-bin/www_bget?K04217+K04218+K04219+K04220+K04221">
        <graphics name="K04217..." fgcolor="#000000" bgcolor="#BFBFFF"
             type="rectangle" x="407" y="834" width="46" height="17"/>
    </entry>
    <entry id="145" name="ko:K04215 ko:K04214 ko:K04213 ko:K04216" type="ortholog"
        link="http://www.kegg.jp/dbget-bin/www_bget?K04215+K04214+K04213+K04216">
        <graphics name="K04215..." fgcolor="#000000" bgcolor="#BFBFFF"
             type="rectangle" x="407" y="681" width="46" height="17"/>
    </entry>
    <entry id="146" name="ko:K04211 ko:K04212" type="ortholog"
        link="http://www.kegg.jp/dbget-bin/www_bget?K04211+K04212">
        <graphics name="K04211..." fgcolor="#000000" bgcolor="#BFBFFF"
             type="rectangle" x="407" y="630" width="46" height="17"/>
    </entry>
    <entry id="147" name="ko:K04204 ko:K04205 ko:K04206 ko:K04207 ko:K04208 ko:K04209 ko:K04210" type="ortholog"
        link="http://www.kegg.jp/dbget-bin/www_bget?K04204+K04205+K04206+K04207+K04208+K04209+K04210">
        <graphics name="K04204..." fgcolor="#000000" bgcolor="#BFBFFF"
             type="rectangle" x="407" y="528" width="46" height="17"/>
    </entry>
    <entry id="148" name="ko:K04199 ko:K04201 ko:K04202 ko:K04203" type="ortholog"
        link="http://www.kegg.jp/dbget-bin/www_bget?K04199+K04201+K04202+K04203">
        <graphics name="K04199..." fgcolor="#000000" bgcolor="#BFBFFF"
             type="rectangle" x="407" y="288" width="46" height="17"/>
    </entry>
    <entry id="149" name="ko:K04284" type="ortholog"
        link="http://www.kegg.jp/dbget-bin/www_bget?K04284">
        <graphics name="K04284" fgcolor="#000000" bgcolor="#BFBFFF"
             type="rectangle" x="407" y="176" width="46" height="17"/>
    </entry>
    <entry id="150" name="ko:K04197 ko:K04198" type="ortholog"
        link="http://www.kegg.jp/dbget-bin/www_bget?K04197+K04198">
        <graphics name="K04197..." fgcolor="#000000" bgcolor="#BFBFFF"
             type="rectangle" x="205" y="925" width="46" height="17"/>
    </entry>
    <entry id="151" name="ko:K04194 ko:K04195 ko:K04196" type="ortholog"
        link="http://www.kegg.jp/dbget-bin/www_bget?K04194+K04195+K04196">
        <graphics name="K04194..." fgcolor="#000000" bgcolor="#BFBFFF"
             type="rectangle" x="205" y="874" width="46" height="17"/>
    </entry>
    <entry id="152" name="ko:K04174" type="ortholog"
        link="http://www.kegg.jp/dbget-bin/www_bget?K04174">
        <graphics name="K04174" fgcolor="#000000" bgcolor="#BFBFFF"
             type="rectangle" x="205" y="586" width="46" height="17"/>
    </entry>
    <entry id="153" name="ko:K04172 ko:K04173" type="ortholog"
        link="http://www.kegg.jp/dbget-bin/www_bget?K04172+K04173">
        <graphics name="K04172..." fgcolor="#000000" bgcolor="#BFBFFF"
             type="rectangle" x="205" y="823" width="46" height="17"/>
    </entry>
    <entry id="154" name="ko:K04010" type="ortholog"
        link="http://www.kegg.jp/dbget-bin/www_bget?K04010">
        <graphics name="K04010" fgcolor="#000000" bgcolor="#BFBFFF"
             type="rectangle" x="205" y="772" width="46" height="17"/>
    </entry>
    <entry id="155" name="ko:K04009" type="ortholog"
        link="http://www.kegg.jp/dbget-bin/www_bget?K04009">
        <graphics name="K04009" fgcolor="#000000" bgcolor="#BFBFFF"
             type="rectangle" x="205" y="743" width="46" height="17"/>
    </entry>
    <entry id="156" name="ko:K03915 ko:K03916" type="ortholog"
        link="http://www.kegg.jp/dbget-bin/www_bget?K03915+K03916">
        <graphics name="K03915..." fgcolor="#000000" bgcolor="#BFBFFF"
             type="rectangle" x="205" y="692" width="46" height="17"/>
    </entry>
    <entry id="157" name="ko:K04168 ko:K04169 ko:K04170" type="ortholog"
        link="http://www.kegg.jp/dbget-bin/www_bget?K04168+K04169+K04170">
        <graphics name="K04168..." fgcolor="#000000" bgcolor="#BFBFFF"
             type="rectangle" x="205" y="641" width="46" height="17"/>
    </entry>
    <entry id="158" name="ko:K04166 ko:K04167" type="ortholog"
        link="http://www.kegg.jp/dbget-bin/www_bget?K04166+K04167">
        <graphics name="K04166..." fgcolor="#000000" bgcolor="#BFBFFF"
             type="rectangle" x="205" y="535" width="46" height="17"/>
    </entry>
    <entry id="159" name="ko:K05051" type="ortholog"
        link="http://www.kegg.jp/dbget-bin/www_bget?K05051">
        <graphics name="K05051" fgcolor="#000000" bgcolor="#BFBFFF"
             type="rectangle" x="205" y="453" width="46" height="17"/>
    </entry>
    <entry id="160" name="ko:K04153 ko:K04157 ko:K04160 ko:K04161 ko:K04162 ko:K04163" type="ortholog"
        link="http://www.kegg.jp/dbget-bin/www_bget?K04153+K04157+K04160+K04161+K04162+K04163">
        <graphics name="K04153..." fgcolor="#000000" bgcolor="#BFBFFF"
             type="rectangle" x="205" y="402" width="46" height="17"/>
    </entry>
    <entry id="161" name="ko:K04149 ko:K04150 ko:K04151 ko:K04152" type="ortholog"
        link="http://www.kegg.jp/dbget-bin/www_bget?K04149+K04150+K04151+K04152">
        <graphics name="K04149..." fgcolor="#000000" bgcolor="#BFBFFF"
             type="rectangle" x="205" y="351" width="46" height="17"/>
    </entry>
    <entry id="162" name="ko:K04144 ko:K04145 ko:K04146 ko:K04147 ko:K04148 ko:K05840 ko:K14049" type="ortholog"
        link="http://www.kegg.jp/dbget-bin/www_bget?K04144+K04145+K04146+K04147+K04148+K05840+K14049">
        <graphics name="K04144..." fgcolor="#000000" bgcolor="#BFBFFF"
             type="rectangle" x="205" y="300" width="46" height="17"/>
    </entry>
    <entry id="163" name="ko:K04135 ko:K04136 ko:K04137 ko:K04138 ko:K04139 ko:K04140 ko:K04141 ko:K04142 ko:K04143" type="ortholog"
        link="http://www.kegg.jp/dbget-bin/www_bget?K04135+K04136+K04137+K04138+K04139+K04140+K04141+K04142+K04143">
        <graphics name="K04135..." fgcolor="#000000" bgcolor="#BFBFFF"
             type="rectangle" x="205" y="249" width="46" height="17"/>
    </entry>
    <entry id="164" name="cpd:C06314" type="compound"
        link="http://www.kegg.jp/dbget-bin/www_bget?C06314">
        <graphics name="C06314" fgcolor="#000000" bgcolor="#FFFFFF"
             type="circle" x="141" y="823" width="8" height="8"/>
    </entry>
    <entry id="165" name="cpd:C16510" type="compound"
        link="http://www.kegg.jp/dbget-bin/www_bget?C16510">
        <graphics name="C16510" fgcolor="#000000" bgcolor="#FFFFFF"
             type="circle" x="141" y="772" width="8" height="8"/>
    </entry>
    <entry id="166" name="cpd:C02002" type="compound"
        link="http://www.kegg.jp/dbget-bin/www_bget?C02002">
        <graphics name="C02002" fgcolor="#000000" bgcolor="#FFFFFF"
             type="circle" x="141" y="743" width="8" height="8"/>
    </entry>
    <entry id="167" name="cpd:C00306" type="compound"
        link="http://www.kegg.jp/dbget-bin/www_bget?C00306">
        <graphics name="C00306" fgcolor="#000000" bgcolor="#FFFFFF"
             type="circle" x="141" y="692" width="8" height="8"/>
    </entry>
    <entry id="168" name="cpd:C02135 cpd:C15848" type="compound"
        link="http://www.kegg.jp/dbget-bin/www_bget?C02135+C15848">
        <graphics name="C02135..." fgcolor="#000000" bgcolor="#FFFFFF"
             type="circle" x="141" y="535" width="8" height="8"/>
    </entry>
    <entry id="169" name="cpd:C00483 cpd:C00398 cpd:C04227" type="compound"
        link="http://www.kegg.jp/dbget-bin/www_bget?C00483+C00398+C04227">
        <graphics name="C00483..." fgcolor="#000000" bgcolor="#FFFFFF"
             type="circle" x="141" y="453" width="8" height="8"/>
    </entry>
    <entry id="170" name="cpd:C00388" type="compound"
        link="http://www.kegg.jp/dbget-bin/www_bget?C00388">
        <graphics name="C00388" fgcolor="#000000" bgcolor="#FFFFFF"
             type="circle" x="141" y="351" width="8" height="8"/>
    </entry>
    <entry id="171" name="cpd:C03758" type="compound"
        link="http://www.kegg.jp/dbget-bin/www_bget?C03758">
        <graphics name="C03758" fgcolor="#000000" bgcolor="#FFFFFF"
             type="circle" x="141" y="300" width="8" height="8"/>
    </entry>
    <entry id="172" name="cpd:C00788 cpd:C00547" type="compound"
        link="http://www.kegg.jp/dbget-bin/www_bget?C00788+C00547">
        <graphics name="C00788..." fgcolor="#000000" bgcolor="#FFFFFF"
             type="circle" x="141" y="249" width="8" height="8"/>
    </entry>
    <entry id="173" name="cpd:C01996" type="compound"
        link="http://www.kegg.jp/dbget-bin/www_bget?C01996">
        <graphics name="C01996" fgcolor="#000000" bgcolor="#FFFFFF"
             type="circle" x="141" y="198" width="8" height="8"/>
    </entry>
    <entry id="174" name="ko:K04129 ko:K04130 ko:K04131 ko:K04132 ko:K04133 ko:K04134" type="ortholog"
        link="http://www.kegg.jp/dbget-bin/www_bget?K04129+K04130+K04131+K04132+K04133+K04134">
        <graphics name="K04129..." fgcolor="#000000" bgcolor="#BFBFFF"
             type="rectangle" x="205" y="198" width="46" height="17"/>
    </entry>
    <entry id="175" name="path:ko04080" type="map"
        link="http://www.kegg.jp/dbget-bin/www_bget?ko04080">
        <graphics name="TITLE:Neuroactive ligand-receptor interaction" fgcolor="#000000" bgcolor="#FFFFFF"
             type="roundrectangle" x="222" y="58" width="364" height="25"/>
    </entry>
    <entry id="176" name="ko:K04803 ko:K04804 ko:K04805 ko:K04806 ko:K04807 ko:K04808 ko:K04809 ko:K04810 ko:K04811 ko:K04812 ko:K04813 ko:K04814 ko:K04815 ko:K04816 ko:K04817 ko:K04818" type="ortholog"
        link="http://www.kegg.jp/dbget-bin/www_bget?K04803+K04804+K04805+K04806+K04807+K04808+K04809+K04810+K04811+K04812+K04813+K04814+K04815+K04816+K04817+K04818">
        <graphics name="K04803..." fgcolor="#000000" bgcolor="#BFBFFF"
             type="rectangle" x="1267" y="245" width="46" height="17"/>
    </entry>
    <entry id="177" name="cpd:C01996" type="compound"
        link="http://www.kegg.jp/dbget-bin/www_bget?C01996">
        <graphics name="C01996" fgcolor="#000000" bgcolor="#FFFFFF"
             type="circle" x="1202" y="245" width="8" height="8"/>
    </entry>
    <relation entry1="173" entry2="174" type="PPrel">
        <subtype name="activation" value="--&gt;"/>
    </relation>
    <relation entry1="172" entry2="163" type="PPrel">
        <subtype name="activation" value="--&gt;"/>
    </relation>
    <relation entry1="171" entry2="162" type="PPrel">
        <subtype name="activation" value="--&gt;"/>
    </relation>
    <relation entry1="170" entry2="161" type="PPrel">
        <subtype name="activation" value="--&gt;"/>
    </relation>
    <relation entry1="51" entry2="160" type="PPrel">
        <subtype name="activation" value="--&gt;"/>
    </relation>
    <relation entry1="169" entry2="159" type="PPrel">
        <subtype name="activation" value="--&gt;"/>
    </relation>
    <relation entry1="168" entry2="158" type="PPrel">
        <subtype name="activation" value="--&gt;"/>
    </relation>
    <relation entry1="49" entry2="152" type="PPrel">
        <subtype name="activation" value="--&gt;"/>
    </relation>
    <relation entry1="48" entry2="157" type="PPrel">
        <subtype name="activation" value="--&gt;"/>
    </relation>
    <relation entry1="167" entry2="156" type="PPrel">
        <subtype name="activation" value="--&gt;"/>
    </relation>
    <relation entry1="165" entry2="155" type="PPrel">
        <subtype name="activation" value="--&gt;"/>
    </relation>
    <relation entry1="166" entry2="154" type="PPrel">
        <subtype name="activation" value="--&gt;"/>
    </relation>
    <relation entry1="164" entry2="153" type="PPrel">
        <subtype name="activation" value="--&gt;"/>
    </relation>
    <relation entry1="47" entry2="151" type="PPrel">
        <subtype name="activation" value="--&gt;"/>
    </relation>
    <relation entry1="46" entry2="150" type="PPrel">
        <subtype name="activation" value="--&gt;"/>
    </relation>
    <relation entry1="45" entry2="140" type="PPrel">
        <subtype name="activation" value="--&gt;"/>
    </relation>
    <relation entry1="37" entry2="149" type="PPrel">
        <subtype name="activation" value="--&gt;"/>
    </relation>
    <relation entry1="36" entry2="43" type="PPrel">
        <subtype name="activation" value="--&gt;"/>
    </relation>
    <relation entry1="35" entry2="148" type="PPrel">
        <subtype name="activation" value="--&gt;"/>
    </relation>
    <relation entry1="34" entry2="44" type="PPrel">
        <subtype name="activation" value="--&gt;"/>
    </relation>
    <relation entry1="33" entry2="89" type="PPrel">
        <subtype name="activation" value="--&gt;"/>
    </relation>
    <relation entry1="32" entry2="135" type="PPrel">
        <subtype name="activation" value="--&gt;"/>
    </relation>
    <relation entry1="31" entry2="137" type="PPrel">
        <subtype name="activation" value="--&gt;"/>
    </relation>
    <relation entry1="30" entry2="147" type="PPrel">
        <subtype name="activation" value="--&gt;"/>
    </relation>
    <relation entry1="29" entry2="88" type="PPrel">
        <subtype name="activation" value="--&gt;"/>
    </relation>
    <relation entry1="28" entry2="146" type="PPrel">
        <subtype name="activation" value="--&gt;"/>
    </relation>
    <relation entry1="50" entry2="145" type="PPrel">
        <subtype name="activation" value="--&gt;"/>
    </relation>
    <relation entry1="27" entry2="138" type="PPrel">
        <subtype name="activation" value="--&gt;"/>
    </relation>
    <relation entry1="26" entry2="141" type="PPrel">
        <subtype name="activation" value="--&gt;"/>
    </relation>
    <relation entry1="25" entry2="144" type="PPrel">
        <subtype name="activation" value="--&gt;"/>
    </relation>
    <relation entry1="23" entry2="42" type="PPrel">
        <subtype name="activation" value="--&gt;"/>
    </relation>
    <relation entry1="22" entry2="41" type="PPrel">
        <subtype name="activation" value="--&gt;"/>
    </relation>
    <relation entry1="21" entry2="136" type="PPrel">
        <subtype name="activation" value="--&gt;"/>
    </relation>
    <relation entry1="20" entry2="142" type="PPrel">
        <subtype name="activation" value="--&gt;"/>
    </relation>
    <relation entry1="1" entry2="139" type="PPrel">
        <subtype name="activation" value="--&gt;"/>
    </relation>
    <relation entry1="19" entry2="87" type="PPrel">
        <subtype name="activation" value="--&gt;"/>
    </relation>
    <relation entry1="18" entry2="17" type="PPrel">
        <subtype name="activation" value="--&gt;"/>
    </relation>
    <relation entry1="40" entry2="134" type="PPrel">
        <subtype name="activation" value="--&gt;"/>
    </relation>
    <relation entry1="39" entry2="133" type="PPrel">
        <subtype name="activation" value="--&gt;"/>
    </relation>
    <relation entry1="38" entry2="132" type="PPrel">
        <subtype name="activation" value="--&gt;"/>
    </relation>
    <relation entry1="121" entry2="131" type="PPrel">
        <subtype name="activation" value="--&gt;"/>
    </relation>
    <relation entry1="120" entry2="130" type="PPrel">
        <subtype name="activation" value="--&gt;"/>
    </relation>
    <relation entry1="119" entry2="129" type="PPrel">
        <subtype name="activation" value="--&gt;"/>
    </relation>
    <relation entry1="118" entry2="128" type="PPrel">
        <subtype name="activation" value="--&gt;"/>
    </relation>
    <relation entry1="117" entry2="127" type="PPrel">
        <subtype name="activation" value="--&gt;"/>
    </relation>
    <relation entry1="116" entry2="126" type="PPrel">
        <subtype name="activation" value="--&gt;"/>
    </relation>
    <relation entry1="115" entry2="125" type="PPrel">
        <subtype name="activation" value="--&gt;"/>
    </relation>
    <relation entry1="114" entry2="124" type="PPrel">
        <subtype name="activation" value="--&gt;"/>
    </relation>
    <relation entry1="16" entry2="122" type="PPrel">
        <subtype name="activation" value="--&gt;"/>
    </relation>
    <relation entry1="15" entry2="108" type="PPrel">
        <subtype name="activation" value="--&gt;"/>
    </relation>
    <relation entry1="113" entry2="107" type="PPrel">
        <subtype name="activation" value="--&gt;"/>
    </relation>
    <relation entry1="111" entry2="105" type="PPrel">
        <subtype name="activation" value="--&gt;"/>
    </relation>
    <relation entry1="110" entry2="104" type="PPrel">
        <subtype name="activation" value="--&gt;"/>
    </relation>
    <relation entry1="14" entry2="13" type="PPrel">
        <subtype name="activation" value="--&gt;"/>
    </relation>
    <relation entry1="12" entry2="103" type="PPrel">
        <subtype name="activation" value="--&gt;"/>
    </relation>
    <relation entry1="11" entry2="102" type="PPrel">
        <subtype name="activation" value="--&gt;"/>
    </relation>
    <relation entry1="109" entry2="101" type="PPrel">
        <subtype name="activation" value="--&gt;"/>
    </relation>
    <relation entry1="10" entry2="100" type="PPrel">
        <subtype name="activation" value="--&gt;"/>
    </relation>
    <relation entry1="2" entry2="99" type="PPrel">
        <subtype name="activation" value="--&gt;"/>
    </relation>
    <relation entry1="3" entry2="98" type="PPrel">
        <subtype name="activation" value="--&gt;"/>
    </relation>
    <relation entry1="4" entry2="97" type="PPrel">
        <subtype name="activation" value="--&gt;"/>
    </relation>
    <relation entry1="6" entry2="96" type="PPrel">
        <subtype name="activation" value="--&gt;"/>
    </relation>
    <relation entry1="5" entry2="95" type="PPrel">
        <subtype name="activation" value="--&gt;"/>
    </relation>
    <relation entry1="7" entry2="94" type="PPrel">
        <subtype name="activation" value="--&gt;"/>
    </relation>
    <relation entry1="8" entry2="93" type="PPrel">
        <subtype name="activation" value="--&gt;"/>
    </relation>
    <relation entry1="9" entry2="92" type="PPrel">
        <subtype name="activation" value="--&gt;"/>
    </relation>
    <relation entry1="86" entry2="91" type="PPrel">
        <subtype name="activation" value="--&gt;"/>
    </relation>
    <relation entry1="85" entry2="90" type="PPrel">
        <subtype name="activation" value="--&gt;"/>
    </relation>
    <relation entry1="84" entry2="67" type="PPrel">
        <subtype name="activation" value="--&gt;"/>
    </relation>
    <relation entry1="83" entry2="66" type="PPrel">
        <subtype name="activation" value="--&gt;"/>
    </relation>
    <relation entry1="82" entry2="65" type="PPrel">
        <subtype name="activation" value="--&gt;"/>
    </relation>
    <relation entry1="81" entry2="64" type="PPrel">
        <subtype name="activation" value="--&gt;"/>
    </relation>
    <relation entry1="80" entry2="64" type="PPrel">
        <subtype name="activation" value="--&gt;"/>
    </relation>
    <relation entry1="79" entry2="64" type="PPrel">
        <subtype name="activation" value="--&gt;"/>
    </relation>
    <relation entry1="77" entry2="63" type="PPrel">
        <subtype name="activation" value="--&gt;"/>
    </relation>
    <relation entry1="76" entry2="63" type="PPrel">
        <subtype name="activation" value="--&gt;"/>
    </relation>
    <relation entry1="75" entry2="63" type="PPrel">
        <subtype name="activation" value="--&gt;"/>
    </relation>
    <relation entry1="74" entry2="62" type="PPrel">
        <subtype name="activation" value="--&gt;"/>
    </relation>
    <relation entry1="73" entry2="62" type="PPrel">
        <subtype name="activation" value="--&gt;"/>
    </relation>
    <relation entry1="72" entry2="62" type="PPrel">
        <subtype name="activation" value="--&gt;"/>
    </relation>
    <relation entry1="70" entry2="61" type="PPrel">
        <subtype name="activation" value="--&gt;"/>
    </relation>
    <relation entry1="69" entry2="60" type="PPrel">
        <subtype name="activation" value="--&gt;"/>
    </relation>
    <relation entry1="58" entry2="59" type="PPrel">
        <subtype name="activation" value="--&gt;"/>
    </relation>
    <relation entry1="68" entry2="56" type="PPrel">
        <subtype name="activation" value="--&gt;"/>
    </relation>
    <relation entry1="57" entry2="55" type="PPrel">
        <subtype name="activation" value="--&gt;"/>
    </relation>
    <relation entry1="53" entry2="54" type="PPrel">
        <subtype name="activation" value="--&gt;"/>
    </relation>
    <relation entry1="24" entry2="143" type="PPrel">
        <subtype name="activation" value="--&gt;"/>
    </relation>
    <relation entry1="177" entry2="176" type="PCrel">
        <subtype name="activation" value="--&gt;"/>
    </relation>
</pathway>
